Rank,Score,Name,City,State
1,10,Monte's Restaurant,Lynn,MA
2,9.4,Di Fara Pizza,Brooklyn,NY
2,9.4,Frank Pepe Pizzeria Napoletana - Chestnut Hill,Chestnut Hill,MA
2,9.4,DeLucia's Brick Oven Pizza,Raritan,NJ
5,9.3,Luigi's Pizza,Brooklyn,NY
5,9.3,Lucali,Brooklyn,NY
5,9.3,John's of Bleecker Street,New York,NY
5,9.3,Oath Pizza - Nantucket,Nantucket,MA
5,9.3,Angelo's Coal Oven Pizzeria,New York,NY
5,9.3,Lazzara's Pizza,New York,NY
11,9.2,Halftime Pizza,Boston,MA
11,9.2,Rosie's Subs and Pizza,Braintree,MA
11,9.2,De Lorenzo’s Tomato Pies,Robbinsville,NJ
11,9.2,Sally's Apizza,New Haven,CT
15,9.1,Best Pizza,Brooklyn,NY
15,9.1,Regina Pizzeria,Boston,MA
15,9.1,Johnny's Pizzeria,Mount Vernon,NY
15,9.1,Sauce Pizzeria,New York,NY
15,9.1,Angelo’s Pizzeria,Philadelphia,PA
20,9.0,Town Spa Pizza,Stoughton,MA
20,9.0,Denino's Greenwich Village,New York,NY
22,8.9,Ralph's Pizzeria,Nutley,NJ
22,8.9,Mister O1- South Beach,Miami Beach,FL
22,8.9,Brooklyn Square Pizza,Jackson,NJ
22,8.9,Conte's Pizza,Princeton,NJ
22,8.9,Calabria Pizzeria & Restaurant,Livingston,NJ
27,8.8,Modern Apizza,New Haven,CT
27,8.8,Nancy’s Towne House,Rahway,NJ
27,8.8,Federici’s Family Restaurant,Freehold,NJ
27,8.8,Pino’s Pizza,Brighton,MA
27,8.8,Angeloni’s Restaurant & Pizzeria,Caldwell,NJ
32,8.7,Sorrento’s,Long Beach,NY
32,8.7,Fredi The PizzaMan,Melvindale,MI
32,8.7,F & F Pizzeria,Brooklyn,NY
32,8.7,Ignazio's,Brooklyn,NY
32,8.7,Columbia Inn Restaurant,Montville,NJ
37,8.6,Nunzio's Pizzeria,Long Branch,NJ
37,8.6,Tommy’s Pizza,Bronx,NY
37,8.6,Tenth Street Pasta & Pizza,Hoboken,NJ
37,8.6,Joe & Pat's Pizzeria,Staten Island,NY
37,8.6,Williamsburg Pizza,Brooklyn,NY
37,8.6,Patsy's Pizzeria,New York,NY
37,8.6,Nove Italian Restaurant,Gansevoort,NY
37,8.6,Umberto's Pizzeria & Restaurant,New Hyde Park,NY
37,8.6,Rizzo's Fine Pizza,New York,NY
37,8.6,Prince Street Pizza,New York,NY
37,8.6,Pi Pizzeria,Nantucket,MA
37,8.6,Patsy's Pizzeria,New York,NY
37,8.6,Roseland Apizza,Derby,CT
37,8.6,Papa’s Tomato Pies,Robbinsville,NJ
51,8.5,Rosie's Pizza,Point Pleasant Beach,NJ
51,8.5,Double Zero,New York,NY
51,8.5,Lil' Frankie's,New York,NY
51,8.5,Cape Cod Cafe,Brockton,MA
51,8.5,Tony's Place,West Roxbury,MA
51,8.5,Frank Pepe Pizzeria Napoletana,New Haven,CT
51,8.5,Brooklyn Pizza Masters,New York,NY
51,8.5,Joe's Pizza,New York,NY
51,8.5,John & Maria’s Pizzeria,East Haven,CT
51,8.5,Perfect Pizza,North Bergen,NJ
61,8.4,Giordano's,Chicago,IL
61,8.4,Joe & Pat's Pizzeria,New York,NY
61,8.4,Colony Grill,Stamford,CT
61,8.4,Saba's Pizza,New York,NY
61,8.4,Pizza Sam,Jackson Heights,NY
61,8.4,Luigi's Pizza,New York,NY
61,8.4,John's of Times Square,New York,NY
61,8.4,Vinny Vincenz,New York,NY
61,8.4,Picciotto NYC,New York,NY
61,8.4,Best Pizza & Dive Bar,Amagansett,NY
61,8.4,Nick’s Pizza,Forest Hills,NY
61,8.4,Trattoria L'incontro,Astoria,NY
73,8.3,Vic's Italian Restaurant,Bradley Beach,NJ
73,8.3,Black Sheep Pizza - Minneapolis,Minneapolis,MN
73,8.3,Antico Pizza,Atlanta,GA
73,8.3,Santillo's Brick Oven Pizza,Elizabeth,NJ
73,8.3,Joe's Pizza,Santa Monica,CA
73,8.3,Speedy Romeo,New York,NY
73,8.3,Gato,New York,NY
73,8.3,Sauce,New York,NY
73,8.3,Surly Brewing,Minneapolis,MN
82,8.2,Patsy's Tavern & Restaurant,Paterson,NJ
82,8.2,Del Ponte's Coal Fired Pizza,Bradley Beach,NJ
82,8.2,Circles and Squares,Philadelphia,PA
82,8.2,Lou Malnati's Pizzeria,Chicago,IL
82,8.2,Saluggi's,New York,NY
82,8.2,Brunetti Pizza,New York,NY
82,8.2,Numero 28 Pizzeria - West Village,New York,NY
82,8.2,Vito's Pizza,Santa Monica,CA
82,8.2,Pope's Italian Restaurant,Saratoga Springs,NY
82,8.2,Stromboli Pizza,New York,NY
82,8.2,Bianchi's Pizza,Revere,MA
82,8.2,Santarpio's Pizza,Boston,MA
82,8.2,Florina Pizzeria & Paninoteca,Boston,MA
82,8.2,Riko's Pizza,Stamford,CT
82,8.2,Merilu Pizza Al Metro,New York,NY
82,8.2,NY Pizza Suprema,New York,NY
82,8.2,Brick Oven Pizza 33,New York,NY
82,8.2,Rocco's Pizza Joint,New York,NY
82,8.2,Pizza Time,Brooklyn,NY
82,8.2,The Longshoreman,New York,NY
82,8.2,Grand Pizza Shoreline,Clinton,CT
82,8.2,Zuppardi’s Apizza,West Haven,CT
82,8.2,Eleventh Street Pizza,Miami,FL
105,8.1,Luigi's Famous Pizza,Lincroft,NJ
105,8.1,Prime Pizza,Los Angeles,CA
105,8.1,Vito & Nick's Pizzeria,Chicago,IL
105,8.1,Detroit Style Pizza Co,St Clair Shores,MI
105,8.1,Cesare's Ristorante,Bristol,PA
105,8.1,Renato's Pizza Master,Jersey City,NJ
105,8.1,Rebar Bar & Pizza,West Haven,PA
105,8.1,Urban Tomato,Palisades Park,NJ
105,8.1,Lido Restaurant,Hackensack,NJ
105,8.1,Pizzata Pizzeria,Philadelphia,PA
105,8.1,Pizza Jawn,Philadelphia,PA
105,8.1,Wood Street Pizza,Philadelphia,PA
105,8.1,Lo Duca Pizza,Brooklyn,NY
105,8.1,Tacconelli’s Pizzeria,Philadelphia,PA
105,8.1,Amore Pizzeria,Flushing,NY
105,8.1,L’Arte Della Pizza Brooklyn,Brooklyn,NY
105,8.1,Razza Pizza Artigianale,Jersey City,NJ
105,8.1,Domenick & Pia Pizzeria,Waterbury,CT
105,8.1,Goodfellas Pizzeria,Indianapolis,IN
105,8.1,Denino's Pizzeria Tavern,Staten Island,NY
105,8.1,Basile's Pizza,Hoboken,NJ
105,8.1,Neapolitan Express,New York,NY
105,8.1,Famous Ben's Pizza,New York,NY
105,8.1,Lucali,Miami Beach,FL
105,8.1,Totonno's,Brooklyn,NY
105,8.1,Bronx Pizza,San Diego,CA
105,8.1,Caputo's Pizzeria,Saratoga Springs,NY
105,8.1,King Umberto's of Elmont,Elmont,NY
105,8.1,Sal's Little Italy,New York,NY
105,8.1,Champion Pizza,New York,NY
105,8.1,Rubirosa,New York,NY
105,8.1,310 Bowery Bar,New York,NY
105,8.1,Cafe Daniello's,New York,NY
105,8.1,Freddie & Pepper's,New York,NY
105,8.1,Francesco's Pizzeria,New York,NY
105,8.1,Sacco Pizza,New York,NY
105,8.1,Luigi's Gourmet Grill,New York,NY
105,8.1,PizzArte,New York,NY
105,8.1,Pisa Pizza,New York,NY
105,8.1,Jiannetto's Pizza Truck,New York,NY
105,8.1,Lombardi's pizza,New York,NY
105,8.1,Nicoletta Pizzeria,New York,NY
105,8.1,Heritage,Fort Lauderdale,FL
105,8.1,Angelo’s Pizza,Wilkes Barre,PA
105,8.1,Gerry’s Pizzeria,Wilkes Barre,PA
105,8.1,Pizza Craft Artisan Pizzeria,Fort Lauderdale,FL
105,8.1,Tucci’s Fire N Coal Pizza,Boca Raton,FL
105,8.1,Pizzeria Giove,Staten Island,NY
105,8.1,Pete & Elda’s Bar / Carmen’s Pizzeria,Neptune City,NJ
105,8.1,Slice,Long Island City,NY
155,8.0,Roberta's,Brooklyn,NY
155,8.0,Grimaldi's,Brooklyn,NY
155,8.0,La Margarita Pizza,New York,NY
155,8.0,East Village Pizza,New York,NY
155,8.0,Steamboat Wharf Pizza,Nantucket,MA
155,8.0,Lynwood Cafe,Randolph,MA
155,8.0,Fort Lee Pizzeria,Fort Lee,NJ
155,8.0,Blocks Pizza Deli,Miami Beach,FL
155,8.0,Fort Lee Pizzeria,Fort Lee,NJ
164,7.9,Maria's Pizza & Subs,Milltown,NJ
164,7.9,Mancini Pizza,East Brunswick,NJ
164,7.9,Natoli's Italian Deli,Secaucus,NJ
164,7.9,Amore Pizza by Jack Calandra,Nutley,NJ
164,7.9,The Galley Pizza & Eatery,Asbury Park,NJ
164,7.9,Brooklyn Pizza,Short Hills,NJ
164,7.9,Pizzette Miami,Miami Beach,FL
164,7.9,Roma Pizzeria,North Bergen,NJ
164,7.9,Good Pizza,Philadelphia,PA
164,7.9,Brooklyn's Brick Oven Pizzeria,Hackensack,NJ
164,7.9,Brother's Pizzeria,Staten Island,NY
164,7.9,Lee's Tavern,Staten Island,NY
164,7.9,Il Mattone West Village,New York,NY
164,7.9,Artichoke Basille's Pizza,New York,NY
164,7.9,Julian's Italian Pizzeria & Kitchen,San Antonio,TX
164,7.9,Borrelli's,East Meadow,NY
164,7.9,Tony's Pizza,Brooklyn,NY
164,7.9,L'industrie Pizzeria,Brooklyn,NY
164,7.9,Manhattan Brick Oven Pizza,New York,NY
164,7.9,Made In New York Pizza,New York,NY
164,7.9,Arturo's,New York,NY
164,7.9,Sofia Pizza Shoppe,New York,NY
164,7.9,Rock Pizza Scissors,New York,NY
164,7.9,Patrizia's Pizza and Pasta,New York,NY
164,7.9,Sabatini’s Pizza Inc,Exeter,PA
164,7.9,Moby’s,East Hampton,NY
164,7.9,Sicilian Oven,Boca Raton,FL
164,7.9,Fresco By Scotto,New York,NY
164,7.9,Amano Pizza,South Amboy,NJ
164,7.9,Grand Avenue Pizza,Astoria,NY
164,7.9,Nunzio’s Pizzeria & Restaurant,Staten Island,NY
164,7.9,Via Roma Pizza Bar,Brooklyn,NY
164,7.9,Tony D’s Pizza,Caldwell,NJ
164,7.9,Gino’s Long Beach,Long Beach,NY
164,7.9,Vince’s Pizzeria,Philadelphia,PA
164,7.9,Pizza Shackamaxon,Philadelphia,PA
164,7.9,Ernie’s Pizzeria,New Haven,CT
164,7.9,Pizzeria La Rosa,New Rochelle,NY
164,7.9,Angelino's Restaurant,Philadelphia,PA
203,7.8,Pelham Pizza,Pelham,NY
203,7.8,The Pizza Terminal,Verona,NJ
203,7.8,Brooklyn Square,Jackson,NJ
203,7.8,Pat's Pizza and Ristorante,Chicago,IL
203,7.8,Zazzy's Pizza,New York,NY
203,7.8,Barnaby's of Northbrook,Northbrook,IL
203,7.8,Michigan & Trumbull,Detroit,MI
203,7.8,Tomatoes APizza,Farmington Hills,MI
203,7.8,Marabella Pizza,Sunnyside,NY
203,7.8,Lodi Pizza Restaurant,Lodi,NJ
203,7.8,Giotto Maestro della Pizza,Miami Beach,FL
203,7.8,Napoli Wood Fired Pizza,Cliffside Park,NJ
203,7.8,Gaetano's Pizzeria,Clifton Heights,PA
203,7.8,Pica's Restaurant,Upper Darby,PA
203,7.8,Botanica Bar,New York,NY
203,7.8,Louie & Ernie's Pizza,Bronx,NY
203,7.8,Leone's Pizza,Columbus,OH
203,7.8,Pies & Pints - Lexington,Lexington,KY
203,7.8,Round Pie Pizza Company,Staten Island,NY
203,7.8,Luigi's Coal Oven Pizza,Fort Lauderdale,FL
203,7.8,The New Park Tavern,East Rutherford,NJ
203,7.8,Vaccaro’s Pizza,Floral Park,NY
203,7.8,Pat’s Pizza,Dorchester Center,MA
203,7.8,Artichoke Basille's Pizza,New York,NY
203,7.8,Peperino,New York,NY
203,7.8,Nonna’s Pizza,White Plains,NY
203,7.8,Adoro Lei,New York,NY
203,7.8,Serafina Meatpacking,New York,NY
203,7.8,Emmett's,New York,NY
203,7.8,XS Nightclub,Las Vegas,NV
203,7.8,Acquolina,San Francisco,CA
203,7.8,Krispy Pizza - Brooklyn,Brooklyn,NY
203,7.8,Eddie’s Pizza,New Hyde Park,NY
203,7.8,New Park Pizza,Howard Beach,NY
203,7.8,Carmine's Pizzeria,Brooklyn,NY
203,7.8,Salvo's Pizzabar,New York,NY
203,7.8,Frank's Trattoria,New York,NY
203,7.8,Rivoli Pizza,New York,NY
203,7.8,Pizza Da Solo,New York,NY
203,7.8,Joe's Pizza,New York,NY
203,7.8,La Bellezza,New York,NY
203,7.8,Sam’s Restaurant,East Hampton,NY
203,7.8,Fiori's Pizzaria,Pittsburgh,PA
203,7.8,Grandpa's Pizza,Bonita Springs,FL
247,7.74,Ducali,Boston,MA
248,7.7,Il Buco Alimentari & Vineria,New York,NY
248,7.7,Urban CoalHouse,Red Bank,NJ
248,7.7,Grana Pizza Cafe,Matawan,NJ
248,7.7,Bella Pizza,Hasbrouck Heights,NJ
248,7.7,Joey's House of Pizza,Nashville,TN
248,7.7,Craft Pizza,Chicago,IL
248,7.7,Joe's Pizza NYC,Ann Arbor,MI
248,7.7,Curioni's Pizza,Lodi,NJ
248,7.7,Goodfellas Distillery,Lexington,KY
248,7.7,Pugsley's Pizza,Bronx,NY
248,7.7,Scarr's Pizza,New York,NY
248,7.7,Harry's Italian,New York,NY
248,7.7,Phil's Pizza,New York,NY
248,7.7,Ciao Vineria con Cucina,New York,NY
248,7.7,Pizza Barbone,Hyannis,MA
248,7.7,Italian Village Pizzeria,New York,NY
248,7.7,Il Rione,Cleveland,OH
248,7.7,Song E Napule,New York,NY
248,7.7,Vezzo,New York,NY
248,7.7,Sfila Pizza,New York,NY
248,7.7,Pepe Giallo,New York,NY
248,7.7,3 Giovani,New York,NY
248,7.7,Nick’s New Haven Style Pizzeria and Bar,Boca Raton,FL
248,7.7,Rosario’s,Astoria,NY
248,7.7,Nonna's,Florham Park,NJ
248,7.7,Mike's Pizza,New York,NY
248,7.7,Table 87 - Brooklyn Heights,Brooklyn,NY
248,7.7,Haymarket Pizza,Boston,MA
248,7.7,Michael’s Famous Pan Pizza & Restaurant,Port Chester,NY
248,7.7,Mike's Apizza & Restaurant,West Haven,CT
248,7.7,Sal's Pizzeria,Mamaroneck,NY
248,7.7,Cugino’s Italian Deli & Pizza,Las Vegas,NV
248,7.7,Taglio Cucina & Pizzeria Romana,Port Charlotte,FL
248,7.7,Industry Pizza & Slice Shop,Naples,FL
282,7.6,Sea Bright Pizzeria,Sea Bright,NJ
282,7.6,Little Italy Pizza & Pasta,Sayulita,MX
282,7.6,Michael's Original Pizzeria & Tavern,Chicago,IL
282,7.6,Chimney Rock Inn,Bound Brook,NJ
282,7.6,Jimmy's Pizza Cafe,Chicago,IL
282,7.6,Michael's Pastaria,Nutley,NJ
282,7.6,Squan Tavern,Manasquan,NJ
282,7.6,Arthur Avenue Wood Fired Pizza,Pleasantville,NY
282,7.6,Bar Cargo,Chicago,IL
282,7.6,Reservoir Restaurant,South Orange,NJ
282,7.6,Josie's Pizzeria,Lyndhurst,NJ
282,7.6,Charlie's Pizzeria,Philadelphia,PA
282,7.6,Joe's Pizza,West Hollywood,CA
282,7.6,John's Pizzeria,Jersey City,NJ
282,7.6,Red Pinto Tailgate Party,Orchard Park,NY
282,7.6,Gino’s Restaurant,Brooklyn,NY
282,7.6,Norm’s Pizza,Brooklyn,NY
282,7.6,Pete’s Pizza,Daytona Beach,FL
282,7.6,PizzaPapalis of Greektown,Detroit,MI
282,7.6,Frank & Danny’s Pizzeria,New York,NY
282,7.6,Pizza District,Boca Raton,FL
282,7.6,Vincenza’s Pizza & Pasta,Cleveland,OH
282,7.6,Salvatore’s Coal Oven Pizzeria,Port Washington,NY
282,7.6,Reservoir Tavern,Boonton,NJ
282,7.6,La Capannina,Wainscott,NY
282,7.6,Pizza Collective,New York,NY
282,7.6,Primavera Pizza,Montauk,NY
282,7.6,Village Square Pizza,New York,NY
282,7.6,Young Joni,Minneapolis,MN
282,7.6,Porrino’s Pizzeria,Little Ferry,NJ
282,7.6,Pizza Land,North Arlington,NJ
282,7.6,Buddy's Pizza,Dearborn,MI
282,7.6,Johnny Pepperoni,Hoboken,NJ
282,7.6,Enzo Bruni La Pizza Gourmet,New York,NY
282,7.6,Poopsie's,Pembroke,MA
282,7.6,Motorino,New York,NY
282,7.6,Cusumano,Old Forge,PA
282,7.6,Cafe Rinaldi,Old Forge,PA
320,7.5,Pizza Bruno,Orlando,FL
320,7.5,Tavolino Pizzeria & Trattoria,Wallington,NJ
320,7.5,Maruca's Tomato Pies,Seaside Heights,NJ
320,7.5,Five Points Pizza East,Nashville,TN
320,7.5,Prince Street Pizza,West Hollywood,CA
320,7.5,Avellino Pizza & Pasta,Hartsdale,NY
320,7.5,Amarone,Aventura,FL
320,7.5,Detroit Frankie's Wood Fired Brick Oven,Lansing,MI
320,7.5,Cloverleaf Bar & Restaurant,Eastpointe,MI
320,7.5,Supino Pizzeria,Detroit,MI
320,7.5,Sac's Place,Queens,NY
320,7.5,Trattoria La Sorrentina,North Bergen,NJ
320,7.5,Apizza Grande,East Haven,CT
320,7.5,Juliano's Restaurant,McKees Rocks,PA
320,7.5,Mulberry Street Pizzeria,Beverly Hills,CA
320,7.5,Red Wagon Pizza Co,Minneapolis,MN
320,7.5,Red Front Pizza,Clifton Park,NY
320,7.5,Arcaro & Genell,Old Forge,PA
320,7.5,Scratch Brick Oven,Johnson City,TN
320,7.5,Bocce Club Pizza,Amherst,NY
320,7.5,Vincenzo’s Pizzeria,Waterbury,CT
320,7.5,Napoli Pizza & Pasta,Astoria,NY
320,7.5,Renzo’s Cafe Pizzeria,Boca Raton,FL
320,7.5,Vince the Pizza Prince,Scranton,PA
320,7.5,Maroni’s Pizza House,Scranton,PA
320,7.5,Pennachio’s,Manorville,NY
320,7.5,Pop’s Pizzas,New York,NY
320,7.5,Love & Dough,DUMBO,NY
320,7.5,Mama's Pizza,Saint Paul,MN
320,7.5,Empire Slice House,Oklahoma City,OK
320,7.5,Santucci's Original Square Pizza,Philadelphia,PA
320,7.5,Kinchley's Tavern,Ramsey,NJ
320,7.5,Pizza Town USA,Elmwood Park,NJ
320,7.5,Da Nonna Rosa,Brooklyn,NY
320,7.5,Palio Pizzeria,Hyannis,MA
320,7.5,Louie's Pizza,Woburn,MA
320,7.5,Royal Pizza,New York,NY
357,7.4,Da Legna at Nolo,New Haven,CT
357,7.4,Brozinni Pizzeria at Speedway,Speedway,IN
357,7.4,Massa Cafe Italiano,Elmwood Park,IL
357,7.4,Taormina,Paterson,NJ
357,7.4,Bonci Pizzeria,Chicago,IL
357,7.4,Villaggio's Italiano Restaurant,Hartsdale,NY
357,7.4,Raceway Pizza & Ristorante,Yonkers,NY
357,7.4,Coalfire,Chicago,IL
357,7.4,Coalfire,Chicago,IL
357,7.4,Apizza Brooklyn,Miami,FL
357,7.4,Arturo's Osteria & Pizzeria,Maplewood,NJ
357,7.4,Three Guys From Italy,Kenilworth,NJ
357,7.4,Ferazzoli's Italian Kitchen,Rutherford,NJ
357,7.4,Barcelona's Restaurant,Garfield,NJ
357,7.4,Randazzo's Pizzeria,Philadelphia,PA
357,7.4,Death By Pizza,New York,NY
357,7.4,Frisco's Pizza,New Haven,CT
357,7.4,Enzo Claudio Pizzeria,New York,NY
357,7.4,Palermo's Cafe & Bakery,Little Ferry,NJ
357,7.4,Franzone's Pizzeria,Manayunk,PA
357,7.4,Montesini Pizza,Philadelphia,PA
357,7.4,Giovani's Bar & Grill,Philadelphia,PA
357,7.4,Pietro's Pizza,Philadelphia,PA
357,7.4,La Nonna Krispy Krust Pizza,Brooklyn,NY
357,7.4,Side Piece Pizza,Las Vegas,NV
357,7.4,Pizza Wagon,Brooklyn,NY
357,7.4,Bonnie & Clyde’s Pizza Parlor,Louisville,KY
357,7.4,Figs by Todd English,Boston,MA
357,7.4,Pizzeria Beddia,Philadelphia,PA
357,7.4,Union Park Pizza,Boston,MA
357,7.4,Resca,New York,NY
357,7.4,Rosa’s Pizza,Maspeth,NY
357,7.4,Pizza Garden,Flushing,NY
357,7.4,Sam’s,Brooklyn,NY
357,7.4,Lombardo’s,White Plains,NY
357,7.4,Revello’s Pizza,Old Forge,PA
357,7.4,Marinara Pizza,New York,NY
357,7.4,Vito’s Slices and Ices,New York,NY
357,7.4,Lucille,Madison,WI
357,7.4,Nolita Pizza,New York,NY
357,7.4,Salvatore’s Tomato Pies,Madison,WI
357,7.4,Vino’s Pizza,Lafayette Hill,PA
357,7.4,DOUGH By Licastri,Staten Island,NY
357,7.4,Caserta Pizzeria,Providence,RI
357,7.4,Providence Coal Fired Pizza,Providence,RI
357,7.4,Elegante Pizzeria,Brooklyn,NY
357,7.4,Jet’s Pizza,New York,NY
357,7.4,Hi-Class Pizza,Bellerose,NY
357,7.4,Pizza Time Ristorante,Boca Raton,FL
357,7.4,Remo’s,Stamford,CT
357,7.4,Romeo’s,Freehold,NJ
357,7.4,Alfredo’s Pizza Cafe,Scranton,PA
357,7.4,Colombo’s Cafe & Pastries,Hyannis,MA
357,7.4,Fierro’s Pizza,East Hampton,NY
357,7.4,Pequod's Pizzeria,Chicago,IL
357,7.4,GoreMade Pizza,Columbus,OH
357,7.4,Marcello's Pizza & Subs,Atlanta,GA
357,7.4,Napoli's Brick Oven Pizza,Hoboken,NJ
357,7.4,The Woodstock,New York,NY
357,7.4,Justino's Pizzeria,New York,NY
357,7.4,Stage Door Pizza,New York,NY
357,7.4,Filaga Pizzeria,New York,NY
357,7.4,L & B Spumoni Gardens,Brooklyn,NY
357,7.4,Ciro's Pizzeria & Beerhouse,San Diego,CA
357,7.4,Mama Mia's Restaurant,Saratoga Springs,NY
357,7.4,Dani's House of Pizza,Kew Gardens,NY
357,7.4,Brooklyn's Homeslice Pizzeria,Brooklyn,NY
357,7.4,Paulie Gee's Slice Shop,Brooklyn,NY
357,7.4,Margherita NYC,New York,NY
357,7.4,Il Piccolo Bufalo,New York,NY
357,7.4,Gnocco,New York,NY
357,7.4,Fusaro's,Nantucket,MA
357,7.4,BAR,New Haven,CT
357,7.4,Rosemary's Pizza,New York,NY
357,7.4,Upside Pizza,New York,NY
357,7.4,Prova Pizzabar,New York,NY
357,7.4,Famous Famiglia Pizzeria,New York,NY
357,7.4,Moustache Pitza,New York,NY
357,7.4,Frankie's Pizza,Miami,FL
357,7.4,Giorgio's Pizza,Indianapolis,IN
437,7.3,Round Swamp Farm,Montauk,NY
437,7.3,Unregular Pizza,New York,NY
437,7.3,Prince Street Pizza,Miami,FL
437,7.3,Pizzeria Ora,Chicago,IL
437,7.3,Low Fidelity,Jersey City,NJ
437,7.3,Sauce & Barrel,New York,NY
437,7.3,Pizza Pazza,Miami,FL
437,7.3,Inattesco Pizzabar,New York,NY
437,7.3,Nicholas Barrel & Roost,Red Bank,NJ
437,7.3,Venice Pizza & Trattoria,North White Plains,NY
437,7.3,Little Italian Pizza,Pompano Beach,FL
437,7.3,Crispelli's Bakery & Pizzeria,Berkley,MI
437,7.3,Terre Del Sapore,Coral Gables,FL
437,7.3,Crispelli's Bakery & Pizzeria,Berkley,MI
437,7.3,Crispelli's Bakery & Pizzeria,Berkley,MI
437,7.3,Deluca's Restaurant,Lansing,MI
437,7.3,NeoPapalis,Ann Arbor,MI
437,7.3,Niki's Pizza,Detroit,MI
437,7.3,Santoni's Pizzeria,Garfield,NJ
437,7.3,Tony & Joe's Pizzeria,Conshohocken,PA
437,7.3,Café Carmela,Philadelphia,PA
437,7.3,Sam's Boardwalk Style Pizza,Havertown,PA
437,7.3,Pizza Rock,Las Vegas,NV
437,7.3,Gennaro's Pizza Parlor,Saratoga Springs,NY
437,7.3,Paulie Gee's,Brooklyn,NY
437,7.3,Pasquale Jones,New York,NY
437,7.3,Baker's Pizza,New York,NY
437,7.3,Joey's Pizzeria,Dennis Port,MA
437,7.3,Pie Pie Pizza,New York,NY
437,7.3,Serafina Broadway,New York,NY
437,7.3,Teresa's Brick Oven Pizza & Cafe,New York,NY
437,7.3,Harry's Italian Pizza Bar,New York,NY
437,7.3,Marinara Pizza,New York,NY
437,7.3,Pizza Village,Montauk,NY
437,7.3,Tomasso’s Pizza and Subs,Boca Raton,FL
437,7.3,Pizza Tropical,Miami,FL
437,7.3,Giuseppe's Steel City Pizza,Port Orange,FL
437,7.3,Shelley’s Pizza,Wilkes Barre,PA
437,7.3,Campania Coal Fired Pizza,New York,NY
437,7.3,The Brick Fire Baked Pizza,Hoboken,NJ
437,7.3,La Nova Pizzeria,Buffalo,NY
437,7.3,Mary Lou’s Pizza,Old Forge,PA
437,7.3,Emilio’s of Morris Park,Bronx,NY
437,7.3,Gigino Trattoria,New York,NY
437,7.3,Strawberry’s Pub & Pizza,Woodbridge,NJ
437,7.3,Manco & Manco Pizza,Ocean City,NJ
437,7.3,Nino’s Pizza & Subs,Boston,MA
437,7.3,Freddy’s Pizzeria,Whitestone,NY
437,7.3,House of Pizza & Calzones,Brooklyn,NY
437,7.3,Pizza Pazza,Miami,FL
437,7.3,Sauce & Bread,New York,NY
488,7.2,Zeneli Pizzeria,New Haven,CT
488,7.2,Tommy's Tavern + Tap,Sea Bright,NJ
488,7.2,Joe's Rotisseria,Roselle Park,NJ
488,7.2,DeSano Pizza Bakery,Nashville,TN
488,7.2,Collins Pizza,Miami,FL
488,7.2,Zoni's Coal Fired Pizza,Red Bank,NJ
488,7.2,Cafe La Buca,Pompano Beach,FL
488,7.2,Pie-Sci Pizza,Detroit,MI
488,7.2,Capri Pizza,Kenilworth,NJ
488,7.2,Outta Hand Pizza,Westfield,NJ
488,7.2,Pie-Sci Pizza,Detroit,MI
488,7.2,Beto's Pizza,Pittsburgh,PA
488,7.2,Sal & Carmine's Pizza,New York,NY
488,7.2,Pizza Barn,Yonkers,NY
488,7.2,Bella Blu,New York,NY
488,7.2,Wedgewood Fernando's Pizza - Austintown,Youngstown,OH
488,7.2,Sparky's Pizzeria and Grill,Jackson,TN
488,7.2,Buckhead Pizza,Atlanta,GA
488,7.2,Fellini's Pizza,Atlanta,GA
488,7.2,Vesta Wood Fired Pizza & Bar,East Rutherford,NJ
488,7.2,Mario's Classic Pizza,Hoboken,NJ
488,7.2,Dona Bella Pizza,New York,NY
488,7.2,Emily - West Village,New York,NY
488,7.2,Good Pie,Las Vegas,NV
488,7.2,Corner Slice,New York,NY
488,7.2,Café Crust,Southampton,NY
488,7.2,Proto's Pizza,New York,NY
488,7.2,Sophie T's Pizza,Nantucket,MA
488,7.2,Pizza Pete's,New York,NY
488,7.2,Cafe Fiorello,New York,NY
488,7.2,Company,New York,NY
488,7.2,La Leggenda Pizzeria,Miami Beach,FL
488,7.2,Sir Pizza,Key Biscayne,FL
488,7.2,Dusal’s Italian Restaurant,Freehold,NJ
488,7.2,Conte’s Pizza,Delray Beach,FL
488,7.2,New England Pizza House No 1,Hyannis,MA
488,7.2,John’s Pizza Restaurant,Naugatuck,CT
488,7.2,Grandma’s Original Pizza,Brooklyn,NY
488,7.2,Manero’s Pizza,New York,NY
488,7.2,Eleven B,New York,NY
488,7.2,Tommy’s Pizza,Providence,RI
488,7.2,Al Forno Restaurant,Providence,RI
488,7.2,Butchertown Pizza Hall,Louisville,KY
488,7.2,La Pizza,University City,MO
488,7.2,Lucia Pizza,Flushing,NY
488,7.2,VIPizza,Bayside,NY
488,7.2,Collins Pizza,Miami,FL
535,7.1,Talula's,Asbury Park,NJ
535,7.1,Brothers Pizza,East Brunswick,NJ
535,7.1,Bryne's Grilled Pizza,Indianapolis,IN
535,7.1,Black Magic Pizza,Orlando,FL
535,7.1,PizzeRizzo,Hollywood Studios,FL
535,7.1,Bongiorno's Cucina Italiana & Pizzeria,Chicago,IL
535,7.1,Pizzeria Portofino,Chicago,IL
535,7.1,Spacca Napoli,Chicago,IL
535,7.1,The Bread Factory,New York,NY
535,7.1,PIZZANISTA!,Los Angeles,CA
535,7.1,Big Louie's Pizzeria,Pompano Beach,FL
535,7.1,Chicago Pizza and Oven Grinder Company,Chicago,IL
535,7.1,Salerno's Pizza,Chicago,IL
535,7.1,Piece Brewery & Pizzeria,Chicago,IL
535,7.1,Harry's Pizzeria,Miami,FL
535,7.1,Mootz Pizzeria + Bar,Detroit,MI
535,7.1,Café Villa,Chatham,NJ
535,7.1,"Maxi's Pizza, Subs & Bar",Philadelphia,PA
535,7.1,Mineo's Pizza House,Pittsburgh,PA
535,7.1,Pizzeria Stella,Philadelphia,PA
535,7.1,La Pizza Fresca Ristorante,New York,NY
535,7.1,Brooklyn Boys Pizza and Deli,Edison,NJ
535,7.1,Red's Savoy Pizza,Minneapolis,MN
535,7.1,Star Tavern,Orange,NJ
535,7.1,Minervini’s Pizzeria & Restaurant,East Haven,CT
535,7.1,Re Sette,New York,NY
535,7.1,City Pizza,New York,NY
535,7.1,La Bellezza Pizza,New York,NY
535,7.1,Armand's Pizzeria,Elmwood Park,IL
535,7.1,Geo's Pizza,Chicago,IL
535,7.1,Villa Pizza,New York,NY
535,7.1,The Wig & Pen Pizza Pub,Iowa City,IA
535,7.1,Avalon Downtown Pizzeria,Youngstown,OH
535,7.1,IL Brigante,New York,NY
535,7.1,Salerno’s Cafe,Old Forge,PA
535,7.1,Todaro Pizza,Clemson,SC
535,7.1,Post Office Pies,Birmingham,AL
535,7.1,Feroce Ristorante,New York,NY
535,7.1,Fellini Pizzeria,Providence,RI
535,7.1,Benny Marzano's,Blacksburg,VA
535,7.1,Cosmo's Original Little Italy Pizza,Lawrenceville,GA
535,7.1,Cucina Bene,New York,NY
535,7.1,Majestic Pizza,New York,NY
535,7.1,Eddie & Sam's NY Pizza,Tampa,FL
535,7.1,DC Pie - Brickell,Miami,FL
535,7.1,Porta,Jersey City,NJ
535,7.1,Emporio,New York,NY
535,7.1,Sorbillo Pizzeria,New York,NY
535,7.1,Dirty Water Dough,Boston,MA
535,7.1,Vinnie's Pizzeria,New York,NY
535,7.1,Kiss My Slice,New York,NY
535,7.1,Il Corallo Trattoria,New York,NY
535,7.1,New York Sal's Pizza,New York,NY
535,7.1,Uncle Mario's Brick Oven Pizza,New York,NY
535,7.1,Grafa Pizza,Miami Beach,FL
535,7.1,Nick's Pizza,Deerfield Beach,FL
535,7.1,Main Street Pizza Company,Farmingdale,NY
535,7.1,Capizzi,New York,NY
535,7.1,P&G Pizza and Deli,Southampton,NY
535,7.1,Villa Milano,Manhasset,NY
535,7.1,Zia Maria-Chelsea,New York,NY
535,7.1,Lions & Tigers & Squares Detroit Pizza,New York,NY
535,7.1,BarDough,New York,NY
535,7.1,LowBrow Pizza & Beer,Naples,FL
599,7.0,Picasso’s Pizza,Buffalo,NY
599,7.0,Brier Hill Pizza & Wings,Youngstown,OH
599,7.0,Fiore's Pizza,New York,NY
602,6.9,Michael's Ali Coal Fired Pizza,Winter Garden,FL
602,6.9,The Big Cheese,Miami,FL
602,6.9,Alibi of Troy,Troy,MI
602,6.9,Bell's Greek Pizza,East Lansing,MI
602,6.9,Buon Pane Italiano Bakery,Miami Beach,FL
602,6.9,Campus Corner,Villanova,PA
602,6.9,Aumm Aumm,North Bergen,NJ
602,6.9,Imperial Pizza,Secane,PA
602,6.9,Tony's Famous Tomato Pie,Philadelphia,PA
602,6.9,Nino's 46,New York,NY
602,6.9,Mariella Pizza,New York,NY
602,6.9,Sicilia Fine Italian Specialties,Columbus,OH
602,6.9,Girello,New York,NY
602,6.9,Bleecker Street Pizza,New York,NY
602,6.9,Steve's Pizza,Miami,FL
602,6.9,Pizza Girls WPB,West Palm Beach,FL
602,6.9,Juliana's Pizza,Brooklyn,NY
602,6.9,Rocco's Pizzeria,Vineyard Haven,MA
602,6.9,Mama's Pizzeria,New York,NY
602,6.9,Joe G Pizza & Restaurant,New York,NY
602,6.9,Ovest Pizzoteca by Luzzo's,New York,NY
602,6.9,10th Avenue Pizza & Cafe,New York,NY
602,6.9,Gotham Pizza,New York,NY
602,6.9,Village Pizza,New York,NY
602,6.9,Anthony’s,Watertown,CT
602,6.9,Belltown Pizza,Stamford,CT
602,6.9,M & S Pizza II,Rockaway Township,NJ
602,6.9,Prova Pizzabar,New York,NY
602,6.9,Biga Contemporary Pizza,New York,NY
602,6.9,Famous Calabria,New York,NY
602,6.9,Sotto 13,New York,NY
602,6.9,Glenville Pizza,Greenwich,CT
602,6.9,Pizzeria Lola,Minneapolis,MN
602,6.9,The Big Cheese,Miami,FL
636,6.8,Abate Apizza & Restaurant,New Haven,CT
636,6.8,IL Forno Brick Oven Pizza,Secaucus,NJ
636,6.8,L'Antica Pizzeria da Michele,Los Angeles,CA
636,6.8,Aurelio's Pizza,Homewood,IL
636,6.8,Banchero Miami,Miami Beach,FL
636,6.8,Art Of Pizza,Chicago,IL
636,6.8,Ottava Via,Detroit,MI
636,6.8,Pucci's Pizza,Miami,FL
636,6.8,Frank's Pizzeria,Newark,NJ
636,6.8,Pizza Rustica,Miami Beach,FL
636,6.8,Pucci's Pizza,Miami,FL
636,6.8,Ottava Via,Detroit,MI
636,6.8,Georgio's Pizza,East Lansing,MI
636,6.8,Nino's AQ,Queens,NY
636,6.8,Fratelli La Bufala,Miami Beach,FL
636,6.8,Piazza Di Pizza,Moonachie,NJ
636,6.8,Philly Style Pizza,Philadelphia,PA
636,6.8,Tony Novante's Pizza and Wing Boss,Union City,NJ
636,6.8,Pasta by Hudson,New York,NY
636,6.8,Enjay's Pizza,Philadelphia,PA
636,6.8,Zio's Brick Oven Pizza,Philadelphia,PA
636,6.8,MAMA'S TOO!,New York,NY
636,6.8,Cossetta Alimentari,Saint Paul,MN
636,6.8,Football Pizza,Minneapolis,MN
636,6.8,Casabianca Pizzeria,New York,NY
636,6.8,Palermo's 95th,Oak Lawn,IL
636,6.8,Pizza House,Ann Arbor,MI
636,6.8,Belleria Pizzeria,Youngstown,OH
636,6.8,Imperial Pizza,Buffalo,NY
636,6.8,Slice Downtown,Atlanta,GA
636,6.8,The Original Goodfella's Brick Oven Pizza,Staten Island,NY
636,6.8,Tony Boloney's,Hoboken,NJ
636,6.8,Benny Tudino's Pizzeria,Hoboken,NJ
636,6.8,SIMÒ PIZZA,New York,NY
636,6.8,Starbucks Reserve Roastery,New York,NY
636,6.8,Little Vincent's Pizza,Huntington,NY
636,6.8,Melani Pizzeria,New York,NY
636,6.8,Giordano's Restaurant,Oak Bluffs,MA
636,6.8,1000 Degrees Neapolitan Pizzeria,Boston,MA
636,6.8,Bricco Ristorante Italiano,New York,NY
636,6.8,Nizza,New York,NY
636,6.8,Aperitivo Pizza Bar,New York,NY
636,6.8,La Trattoria,New York,NY
636,6.8,Garlic New York Pizza Bar,New York,NY
636,6.8,Posto,New York,NY
636,6.8,J's Pizza,New York,NY
636,6.8,Vinny’s Restaurant & Pizzeria,Naugatuck,CT
636,6.8,Andiamo,Miami,FL
636,6.8,Rose & Joe’s Italian Bakery,Astoria,NY
636,6.8,Pizza Brain,Philadelphia,PA
636,6.8,Frankie Feds,Freehold,NJ
636,6.8,Pizza Time Restaurant,Avenel,NJ
636,6.8,Brooklyn Boys Pizza & Pasta,Boca Raton,FL
636,6.8,Vinnie’s Pizzeria & Ristorante,Boonton,NJ
636,6.8,Foggy Bakery & BBQ,Nantucket,MA
636,6.8,British Beer Company,Hyannis,MA
636,6.8,Pizza Barbone,Hyannis,MA
636,6.8,Astro’s Pizza,Amagansett,NY
636,6.8,Hard Knox Pizzeria,Knoxville,TN
636,6.8,Pizza Brutta,Madison,WI
636,6.8,Spinelli’s Pizzeria,Louisville,KY
636,6.8,MEZZE Kosher Restaurant & Pizzeria Queens,Rego Park,NY
636,6.8,Saverio’s Authentic Pizza Napoletana,Massapequa,NY
636,6.8,Artistic Pizza,New York,NY
636,6.8,Cascarino’s Brick Oven Pizzeria & Ristorante,Whitestone,NY
636,6.8,Krave It Sandwich Shop & Eatery,Bayside,NY
636,6.8,Pizza 7,Saratoga Springs,NY
636,6.8,Claudio Pizzeria,New York,NY
636,6.8,East Side Pizza,Miami,FL
705,6.7,Medusa Stone Fired Kitchen,Asbury Park,NJ
705,6.7,Pasquale's Pizza & Pasta,Indianapolis,IN
705,6.7,I Love Pizza,Miami Beach,FL
705,6.7,Delicious Pizza,Los Angeles,CA
705,6.7,Zuccarelli,Pompano Beach,FL
705,6.7,Leo's Pizza,Miami,FL
705,6.7,New York Pizza & Restaurant,Miami,FL
705,6.7,New York Pizza & Restaurant,Miami,FL
705,6.7,Trattoria Napoli,Union City,NJ
705,6.7,In Riva,Philadelphia,PA
705,6.7,Gennaro's Pizza,Pittsburgh,PA
705,6.7,Tre Sorelle,New York,NY
705,6.7,John & Tony's,New York,NY
705,6.7,Filippi's Pizza Grotto Pacific Beach,San Diego,CA
705,6.7,Fino Wood Fired Pizza & Bar,Watertown,CT
705,6.7,Village Pizzeria,Floral Park,NY
705,6.7,Giovanni’s Pizzeria & Restaurant,Hoboken,NJ
705,6.7,Strong’s Brick Oven Pizzeria,Lawrenceburg,IN
705,6.7,Villa Monte Restaurant,Staten Island,NY
705,6.7,Franco & Vinny’s,Fort Lauderdale,FL
705,6.7,Millie’s Old World Meatballs & Pizza,Morristown,NJ
705,6.7,Cittanuova,East Hampton,NY
705,6.7,Crust,Cleveland,OH
705,6.7,Pepperoni’s,East Hampton,NY
705,6.7,Rosa's Pizza,Middle Village,NY
705,6.7,Sal's Pizzeria,Brooklyn,NY
705,6.7,Rinas Pizzeria & Cafe,Boston,MA
705,6.7,Eataly Boston,Boston,MA
705,6.7,La Mia Pizza,New York,NY
705,6.7,Buchetta Brick Oven Pizza,New York,NY
705,6.7,Primavera Pizza & Pasta,New York,NY
705,6.7,Shakespeare’s Pizza - Downtown,Columbia,MO
705,6.7,Via Trenta Pizzoteca,New York,NY
705,6.7,PeppeBroni’s Pizza,Morgantown,WV
705,6.7,Davenport’s Pizza Palace,Mountain Brook,AL
705,6.7,Faccia Luna Pizzeria,State College,PA
705,6.7,Federal Hill Pizza Providence,Providence,RI
705,6.7,Beebe’s,Long Island City,NY
705,6.7,Dragon By The Sea,Nantucket,MA
744,6.6,Johnny Mac House of Spirits,Asbury Park,NJ
744,6.6,Miami's Best Pizza,Coral Gables,FL
744,6.6,Tonelli's,Lafayette Hill,PA
744,6.6,Allegro Pizza and Grill,Philadelphia,PA
744,6.6,Allegro Pizza and Grill,Philadelpha,PA
744,6.6,Mario’s Pizzeria Massapequa,Massapequa,NY
744,6.6,Broders Cucina Italiana,Minneapolis,MN
744,6.6,Mike’s Pizza Palace,Naugatuck,CT
744,6.6,Sazio,Delray Beach,FL
744,6.6,Colasante's Ristorante & Pub,Morgantown,WV
744,6.6,Pizza Joint,Augusta,GA
744,6.6,Mama Rosa Pizza and Pasta,Rutherford,NJ
744,6.6,Napoli Pizza,Daytona Beach,FL
744,6.6,Not Ray's Pizza,Brooklyn,NY
744,6.6,Muzzarella Pizza,New York,NY
744,6.6,Pizza Time,Columbia,MO
744,6.6,Union St Pizza,Brooklyn,NY
744,6.6,Galleria Umberto,Boston,MA
744,6.6,Chilmark General Store,Chilmark,MA
744,6.6,Nick's Pizza,New York,NY
744,6.6,Two Boots West Village,New York,NY
744,6.6,Pizza Rollio,New York,NY
744,6.6,Cassiano's Pizza,New York,NY
744,6.6,Pizza By Certé,New York,NY
744,6.6,Sciortino’s Pizza Pasta & M,Perth Amboy,NJ
744,6.6,Dewey’s Pizza,Saint Louis,MO
744,6.6,Ribalta Mo’,New York,NY
771,6.5,Museum of Pizza,Brooklyn,NY
771,6.5,Brenz Pizza Co.,Knoxville,TN
771,6.5,Rivington Pizza,New York,NY
771,6.5,Square Pizza,New York,NY
771,6.5,Hope Pizza Restaurant,Stamford,CT
771,6.5,Pasquale’s Pizza,Boonton,NJ
771,6.5,Bond 45,New York,NY
771,6.5,Casa D'amici,Morgantown,WV
771,6.5,Pazzo's Pizza Pub,Lexington,KY
771,6.5,Lorenzo & Sons Pizza,Philadelphia,PA
771,6.5,Pies on Wheels,Saratoga Springs,NY
771,6.5,Oath Pizza - East 67th Street,New York,NY
771,6.5,Boomershine Pizzeria,Bluff City,TN
784,6.4,Siena Pizza & Cannoli,New York,NY
784,6.4,Eric Gordon's Greek's Pizzeria,Bloomington,IN
784,6.4,Nino's Restaurant & Pizzeria,Lodi,NJ
784,6.4,Benny Fierro's,Pittsburgh,PA
784,6.4,Pizza Al's,Morgantown,WV
784,6.4,Bearno's By the Bridge,Louisville,KY
784,6.4,The O Patio & Pub,Columbus,OH
784,6.4,Bruno Bros Pizza,Austintown,OH
784,6.4,Hawthorne's NY Pizza & Bar,Charlotte,NC
784,6.4,Georgio Pizzeria,New York,NY
784,6.4,Kesté Pizza & Vino,New York,NY
784,6.4,Bill's Pizzeria Kitchen + Grille,Hopkinton,MA
784,6.4,Regina Pizzeria,Mashantucket,CT
784,6.4,Rocky’s Pizza Bar and Restaurant,New York,NY
784,6.4,Va Bene,New York,NY
784,6.4,Claudio Pizzeria,New York,NY
784,6.4,Don Antonio,New York,NY
784,6.4,Belmora Pizza & Restaurant,New York,NY
784,6.4,Siena Pizza,New York,NY
803,6.3,Old Fashioned Pizza,New York,NY
803,6.3,Casola’s Pizzeria & Sub Shop,Miami,FL
803,6.3,Spris,Miami Beach,FL
803,6.3,Margari Pizza,New York,NY
803,6.3,Palio Pizzeria,Hyannis,MA
803,6.3,Torino Restaurant and Bar,Hyannis,MA
803,6.3,Dulono's Pizza,Minneapolis,MN
803,6.3,Frank From Philly & Andrea Pizza,Minneapolis,MN
803,6.3,Sottosuolo NYC,New York,NY
803,6.3,Il Forno Pizza,New York,NY
803,6.3,Little Italy Pizza,New York,NY
803,6.3,Francesca's Restaurant & Pizzeria,Hampton Bays,NY
803,6.3,Sutton Pizzeria,New York,NY
803,6.3,B Side Pizza & Wine Bar,New York,NY
803,6.3,Tavola,New York,NY
803,6.3,Kiss My Slice,New York,NY
819,6.2,Upper Crust Pizza,Celebration,FL
819,6.2,Green Lantern Pizza,Madison Heights,MI
819,6.2,Axis Pizza,Philadelphia,PA
819,6.2,Hello Pizza,Edina,MN
819,6.2,Rosella’s Pizzeria,New York,NY
819,6.2,Imo’s Pizza,Saint Louis,MO
819,6.2,Casa Barilla,New York,NY
819,6.2,Pizza Di Roma,Madison,WI
819,6.2,Fortina - Brooklyn,Brooklyn,NY
819,6.2,B & W Deli & Pizzeria,New York,NY
819,6.2,Gino's East - Magnificent Mile,Chicago,IL
819,6.2,Krispy Pizza,Jersey City,NJ
819,6.2,Rossetti's Pizza,New York,NY
819,6.2,Black Square Pizza,New York,NY
819,6.2,Five50 Pizza Bar,Las Vegas,NV
819,6.2,Alphonso's Pizzeria & Trattoria,New York,NY
819,6.2,Da Gennaro,New York,NY
819,6.2,Lombardi's Pizza,New York,NY
819,6.2,Moto Pizza,Sandwich,MA
819,6.2,Baldie's Pizza & Subs,Lakeville,MA
819,6.2,Full Moon Pizzeria,Bronx,NY
819,6.2,Broadway Pizza & Restaurant,New York,NY
819,6.2,Farinella Bakery Pizza,New York,NY
819,6.2,Iggy's Pizzeria,New York,NY
819,6.2,Stella's Pizza,New York,NY
819,6.2,Famous Original Ray's Pizza,New York,NY
819,6.2,La Vera Pizzeria & Restaurant,New York,NY
819,6.2,Giuseppe's Pizza,New York,NY
847,6.1,Panera Bread,New York,NY
847,6.1,Mother Bear's Pizza Campus,Bloomington,IN
847,6.1,Panera Bread,New York,NY
847,6.1,Explorers Den,Philadelphia,PA
847,6.1,LaScala's Pronto,Philadelphia,PA
847,6.1,Aiello's Pizza,Pittsburgh,PA
847,6.1,Pizza Bar,Miami Beach,FL
847,6.1,Big Al’s Chicago Style Pizza,New York,NY
847,6.1,Whole Foods Market,New York,NY
847,6.1,Ian’s Pizza by the Slice,Madison,WI
847,6.1,Sausages Pizza & Pastabilities,Montauk,NY
847,6.1,Little Italy Pizza,New York,NY
847,6.1,Lenny’s Pizza,Miami Beach,FL
847,6.1,Piola - Miami Beach,Miami Beach,FL
847,6.1,B & B Pizza,Hyannis,MA
847,6.1,Cheesy Pizza,New York,NY
847,6.1,Percy's Pizza,New York,NY
847,6.1,PieTana,Lexington,KY
847,6.1,Mellow Mushroom,Alpharetta,GA
847,6.1,Marino's Pizza,Saratoga Springs,NY
847,6.1,Solo Pizza,New York,NY
847,6.1,Isola,Edgartown,MA
847,6.1,PQR,New York,NY
847,6.1,Radio City Pizza,New York,NY
847,6.1,Deli On Madison,New York,NY
872,6.0,Chuck E. Cheese's,West Melbourne,FL
873,5.9,Benvenuti Pizzeria,New York,NY
873,5.9,Noble Roman's Craft Pizza & Pub,Westfield,IN
873,5.9,Piu Bello Pizzeria Restaurant,Atlanta,GA
873,5.9,Pranzo Pizza & Pasta,New York,NY
873,5.9,Underground Pizza,New York,NY
873,5.9,Evel Pie,Las Vegas,NV
873,5.9,Little Gio's Pizza,New York,NY
873,5.9,Stella Barra Pizzeria & Wine Bar,Santa Monica,CA
873,5.9,First Class Pizza To Go,Lincoln,AL
873,5.9,NYC Pizza,New York,NY
873,5.9,Healthy Choice Gourmet Deli & Pizza,New York,NY
873,5.9,Faraci Pizza,Ballwin,MO
873,5.9,La Manda’s Restaurant,White Plains,NY
873,5.9,Justin’s Pizza,Bronx,NY
873,5.9,Antonio’s Pizza,Providence,RI
873,5.9,T’s Pizza Kitchen,Stamford,CT
873,5.9,Craigville Pizza & Mexican,Centerville,MA
873,5.9,Muse Pizza,Nantucket,MA
873,5.9,Joey Pepperoni's Pizza,New York,NY
873,5.9,Chelsea Pizza 23,New York,NY
893,5.8,Brothers Pizza,Charles Town,WV
893,5.8,Pi Pizzeria - Delmar Loop,Saint Louis,MO
893,5.8,Jack’s Pizza Hyannis,Hyannis,MA
893,5.8,Springs Pizza,East Hampton,NY
893,5.8,Mediterraneo Restaurant,New York,NY
893,5.8,The Original Impellizeri's Pizza,Louisville,KY
893,5.8,Home Slice Pizza,Austin,TX
893,5.8,Luna Ristorante,New York,NY
893,5.8,Da Nico Ristorante,New York,NY
893,5.8,Pushcart Pizzeria,Boston,MA
893,5.8,Bella Vita Pizzeria,New York,NY
904,5.7,Paisan’s,Madison,WI
904,5.7,Angelo Bellini,New York,NY
904,5.7,Famous Amadeus Pizza,New York,NY
907,5.6,Stella 34 Trattoria,New York,NY
907,5.6,Naked City Pizza Shop,Las Vegas,NV
909,5.5,Angelo's Pizzeria,Princeton,WV
909,5.5,Pizzarita's,San Antonio,TX
911,5.4,Soho 99 Cents Cheese Pizza,New York,NY
911,5.4,LA Traviata Pizzeria,New York,NY
911,5.4,New York Pizza Depot,Ann Arbor,MI
911,5.4,Adriatico's New York Style Pizza,Columbus,OH
911,5.4,Upper Crust Pizzeria,Beverly Hills,CA
911,5.4,Sunnyside Pizza,Sunnyside,NY
911,5.4,Flavors of Italy Bistro,New York,NY
911,5.4,Manhattan Pizzeria,Manhattan Beach,CA
911,5.4,42nd Street Pizza,New York,NY
911,5.4,Ben's Pizzeria,New York,NY
921,5.3,Primanti Bros,Fort Lauderdale,FL
921,5.3,Las Vegas Motor Speedway,Las Vegas,NV
921,5.3,Pizza Luce,Minneapolis,MN
924,5.2,Mangia - Flatiron,New York,NY
924,5.2,Casey's General Store,Coralville,IA
924,5.2,Felcaro Pizzeria,Boston,MA
924,5.2,Olio e Piú,New York,NY
924,5.2,D Napoli Pizza,New York,NY
929,5.1,Edison’s Pizza Kitchen,Cleveland,OH
929,5.1,Bazbeaux Pizza,Indianapolis,IN
929,5.1,Biggie's Pizza,Jacksonville Beach,FL
929,5.1,Rosario's Pizza,New York,NY
929,5.1,Naples 45 Ristorante E Pizzeria,New York,NY
929,5.1,Uncle Paul's Pizza,New York,NY
935,5.0,Snacks,Las Vegas,NV
935,5.0,Patzeria Perfect Pizza,New York,NY
937,4.9,$1 Pizza,New York,NY
937,4.9,Tony + Benny's,LaGuardia Airport,NY
937,4.9,99 Cent Fresh Pizza,New York,NY
937,4.9,Gaslight Pizzeria,New York,NY
937,4.9,Previti Pizza,New York,NY
937,4.9,Time Square Dollar Pizza,New York,NY
937,4.9,Mama Mia 44 SW,New York,NY
937,4.9,Tony’s Baltimore Grill,Atlantic City,NJ
945,4.8,Planet Pizza,Orlando,FL
945,4.8,Three Brothers From Italy,Seaside Heights,NJ
945,4.8,Adrienne's Pizzabar,New York,NY
945,4.8,W4 Pizza,New York,NY
945,4.8,Trenta Tre Pizzeria,New York,NY
945,4.8,Salt & Pepper,New York,NY
945,4.8,Friendly Gourmet Pizza,New York,NY
945,4.8,Big Lou's Pizza,San Antonio,TX
945,4.8,Yankee Pizza,New York,NY
945,4.8,La Rossa,New York,NY
945,4.8,Pazza Notte,New York,NY
945,4.8,Pasta Lovers,New York,NY
957,4.6,Little Caesars Pizza,Princeton,WV
957,4.6,Don Giovanni Ristorante,New York,NY
959,4.3,My Pie Pizzeria Romana,New York,NY
959,4.3,Mom’s New York Pizza,Miami Beach,FL
961,4.2,Pizza De Miami,Miami Beach,FL
961,4.2,Anthony's Pizza VI,Charles Town,WV
961,4.2,Little Italy Pizza,New York,NY
961,4.2,Picasso Pizza,New York,NY
961,4.2,Pomodoro Pizza,New York,NY
961,4.2,Pizza Chef,Whitestone,NY
961,4.2,Meadowlands Racing and Entertainment,East Rutherford,NJ
961,4.2,Pomodoro Ristorante & Pizzeria,New York,NY
961,4.2,Big Nick's Burger & Pizza Joint Too,New York,NY
961,4.2,Pizza Italia,New York,NY
971,4.1,Allora,Mandarina,MX
971,4.1,Ascot Racecourse,Bracknell Forest,UK
971,4.1,Fat Lorenzo's,Minneapolis,MN
971,4.1,Napolese Pizzeria,Indianapolis,IN
971,4.1,Wild,New York,NY
971,4.1,Carve,New York,NY
971,4.1,A Slice of New York,New York,NY
978,4.0,Pizza Park,New York,NY
979,3.9,Libretto's Pizzeria,New York,NY
979,3.9,Mata’s Greek Pizza & Griders,Anniston,AL
981,3.8,Slice Of Edgartown,Edgartown,MA
981,3.8,Pizza Hut,North Bergen,NJ
981,3.8,Talladega Superspeedway,Talladega,AL
981,3.8,Shangri-La Kitchen,Nantucket,MA
981,3.8,Poppy Pizza,Mashpee,MA
986,3.7,Mariella Pizza,New York,NY
987,3.6,Daniela Trattoria,New York,NY
988,3.4,Cheetah Pizza,Edina,MN
988,3.4,Justino's Pizzeria,New York,NY
988,3.4,5 Boroughs Pizza,New York,NY
988,3.4,Secret Pizza,Las Vegas,NV
992,3.3,The Grotto Pizzeria & Ristorante,New York,NY
993,3.2,Stromboli Pizza,New York,NY
993,3.2,Sbarro,New York,NY
993,3.2,La Gusto Pizza,New York,NY
993,3.2,Rico's Pizza,Gary,IN
993,3.2,Bonanno's New York Pizzeria,Las Vegas,NV
993,3.2,Bonanno's New York Pizzeria,Las Vegas,NV
999,3.1,Cottage Inn Pizza - Ann Arbor,Ann Arbor,MI
999,3.1,Z Deli Pizzeria,New York,NY
1001,2.9,McDonald's,Orlando,FL
1001,2.9,Hank's Pizza,New York,NY
1003,2.8,Rocky's Number II,New York,NY
1003,2.8,Canyon Pizza,State College,PA
1003,2.8,Cheska’s,New York,NY
1006,2.7,Intrepid Summer Movie Series,New York,NY
1007,2.5,Da Vinci Pizza,New York,NY
1008,2.4,King's Pizza,Clearwater,FL
1008,2.4,Stanton Pizza,New York,NY
1008,2.4,Fenway Park,Boston,MA
1011,2.2,Square Pizza & Chicken,New York,NY
1011,2.2,Steve's Pizza,New York,NY
1011,2.2,Pizza Al Fresco,Palm Beach,FL
1014,2.1,Ciro’s Pizza Pomodoro,London,UK
1014,2.1,IPizzaNY,New York,NY
1016,1.9,Costco,Clifton,NJ
1016,1.9,Jekyll & Hyde,New York,NY
1016,1.9,Hell’s Kitchen Pizza,New York,NY
1019,1.8,Cafe Viva,New York,NY
1020,1.7,Canal Pizza,New York,NY
1020,1.7,Highline Pizza,New York,NY
1022,1.4,Encore Beach Club,Las Vegas,NV
1022,1.4,Rocky's Pizza 14th St,New York,NY
1024,1.2,Lincoln Financial Field,Philadelphia,PA
1024,1.2,Milk Bar East Village,New York,NY
1024,1.2,Rubby's Pizzeria,New York,NY
1024,1.2,Buca di Beppo Italian Restaurant,New York,NY
1024,1.2,Backroom Pizza,Ann Arbor,MI
1024,1.2,Catfish Biff's Pizza & Subs,Columbus,OH
1024,1.2,Fox's Pizza Den,Charleston,WV
1031,1.1,Georgio's Gourmet Pizza,Chicago,IL
1032,0.9,Pizza Gaga,New York,NY
1033,0.2,The Post,Louisville,KY
1033,0.2,Churchill Downs,Louisville,KY
1033,0.2,F & M Slice Pizza,New York,NY
1036,0.1,Cumberland Farms,Nantucket,MA
1036,0.1,Open Market,New York,NY
1038,0.08,Amtrak,New York,NY
1039,0.02,7-Eleven,New York,NY
1040,0.01,BD Best Pizza,New York,NY
1041,0.0,Dante’s Inferno,Cleveland,OH
1041,0.0,Blaze Fast Fire’d Pizza,Los Angeles,CA
1041,0.0,Café Muse,New York,NY
1041,0.0,Rich’s Grilled Pizza,Augusta,GA
1041,0.0,Industry Kitchen,New York,NY
1041,0.0,Goodfellas Pizzeria,Lexington,KY
