Name,Date,City,State,Score:
Sicily Coal Fired Pizza,5/23/2024 18:00,Middletown, CT,7.8
"K Pizza ""Pizza al Taglio""",5/22/2024 18:00,Miami, FL,6.3
Sapore Pizzeria & Bar,5/21/2024 18:00,Old Lyme, CT,7.9
Vincitori Apizza,5/20/2024 18:00,East Lyme, CT,7.6
Mystic Pizza,5/17/2024 18:00,Mystic, CT,6.2
Mango's Wood-Fired Pizza Co,5/16/2024 18:00,Mystic, CT,7.5
Nina & Rafi,5/15/2024 18:00,Atlanta, GA,6.3
Glide Pizza,5/14/2024 18:00,Atlanta, GA,7.7
MTH Pizza,5/13/2024 18:00,, GA,7.5
Bonvini's Pizza,5/10/2024 18:00,Livingston, NJ,6.8
Cafe Crevier,5/9/2024 18:00,Denville, NJ,8.5
Coniglio's Old Fashioned,5/8/2024 18:00,Morristown, NJ,8.3
Krust Kitchen,5/7/2024 18:00,Madison, NJ,7.3
Massa Roman Square Pizza & I...,5/6/2024 18:00,Scotch Plains, NJ,8.1
IL FORNO A LEGNA,5/3/2024 18:00,Rahway, NJ,6.8
Sabatino’s,5/2/2024 18:00,Maplewood, NJ,7.8
Bunny's Sports Bar,5/1/2024 18:00,South Orange, NJ,8.3
Nino's Pizza & Restaurant,4/30/2024 18:00,Harrison, NJ,7.4
da-Angelo Pizzeria & Ristora...,4/29/2024 18:00,Albertson, NY,7.3
Gino's Pizza,4/26/2024 18:00,Williston Park, NY,7.4
Toskana Pizzeria Restaurant,4/25/2024 18:00,Queens, NY,7.3
Margherita Pizza,4/24/2024 18:00,Queens, NY,6.6
Home Run Inn Pizza - Archer ...,4/23/2024 18:00,Chicago, IL,7.1
Danny's Pizza Place,4/22/2024 18:00,Chicago, IL,7.1
Labriola Chicago,4/19/2024 18:00,Chicago, IL,7.5
Dante’s Tavern,4/18/2024 18:00,Chicago, IL,6.2
Tortorice's Pizza & Catering,4/17/2024 18:00,Chicago, IL,7.3
Pizza by Napoli,4/16/2024 18:00,Phoenix, AZ,7.2
LAMP Pizzeria,4/15/2024 18:00,Scottsdale, AZ,7.6
Trevor's Liquor,4/12/2024 18:00,Phoenix, AZ,8.3
Pizza on 40th,4/11/2024 18:00,Phoenix, AZ,7.1
Andiamo Pizzeria,4/10/2024 18:00,Scottsdale, AZ,8.2
Pizzeria Sapienza,4/9/2024 18:00,Albany, NY,6.6
Prima Pizzeria,4/8/2024 18:00,Schenectady, NY,7.8
The Parlor Pizzeria,4/5/2024 18:00,Phoenix, AZ,7.3
La Grande Orange Pizzeria,4/4/2024 18:00,Phoenix, AZ,7.9
North Italia,4/3/2024 18:00,Phoenix, AZ,6.6
Marinas Pizza & Pasta,4/2/2024 18:00,Tampa, FL,7.5
Lee's Grocery,4/1/2024 18:00,Tampa, FL,6.3
Santoro's Pizzeria,3/29/2024 18:00,Tampa, FL,7.8
Sally O' Neal's Pizza Hotlin...,3/28/2024 18:00,Tampa, FL,6.1
Forbici Modern Italian,3/27/2024 18:00,Tampa, FL,7.9
Palazzo Pizza,3/26/2024 18:00,Tampa, FL,6.4
Piper's Scratch Pizza Shop,3/25/2024 18:00,Palm Harbor, FL,7.6
DiGiorgio’s Pizzeria,3/22/2024 18:00,Palm Harbor, FL,7.5
Madison Avenue Pizza,3/21/2024 18:00,Dunedin, FL,7.7
The NONA Slice House,3/20/2024 18:00,Safety Harbor, FL,8.1
Cristino's Coal Oven Pizza,3/19/2024 18:00,Clearwater, FL,7.8
Pizza Box,3/18/2024 18:00,St. Petersburg, FL,7.8
Brooklyn Pizza Company,3/17/2024 19:30,Seminole, FL,7.4
The Violet Stone Pizza & San...,3/15/2024 18:00,St. Petersburg, FL,7.9
DeLosa's Pizza,3/14/2024 18:00,Madeira Beach, FL,7.1
Britt's Coal Fire Pizza,3/13/2024 18:00,Treasure Island, FL,6.8
Joey Brooklyn's Famous Pizza...,3/12/2024 18:00,St. Petersburg, FL,5.9
Toby's Original Little Italy...,3/11/2024 18:00,Saint Petersburg, FL,7.7
Gianni’s Pizza & More,3/8/2024 18:00,Bradenton, FL,7.3
Ricos Pizzeria,3/7/2024 18:00,Sarasota, FL,7.2
Venezia,3/6/2024 18:00,Sarasota, FL,6.7
Il Panificio USA,3/5/2024 18:00,Sarasota, FL,7.4
Square Pie City,3/4/2024 18:00,Miami, FL,7.8
Zinncredible Pizza,3/1/2024 18:00,Davie, FL,4.8
Esposito's Pizza Bar Restaur...,2/29/2024 18:00,Davie, FL,7.5
Big Bang Pizzeria,2/28/2024 18:00,North Lauderdale, FL,7.5
Cannoli Kitchen - Boca Raton,2/27/2024 18:00,Boca Raton, FL,7.1
Aunt Lulu's NY Style Pizza a...,2/26/2024 18:00,Boca Raton, FL,7.8
Focaccia,2/23/2024 18:00,Miami, FL,6.9
Bob’s Pizza,2/22/2024 18:00,Chicago, IL,7.4
La Piazza Pizzeria and Resta...,2/20/2024 18:00,Staten Island, NY,7.7
Ciro Pizza Cafe,2/19/2024 18:00,Staten Island, NY,8.1
The Pizza Parlor,2/16/2024 18:00,Staten Island, NY,7.7
Nonna's Pizza Great Kills,2/15/2024 18:00,Staten Island, NY,7.7
Seppe Pizza Bar,2/14/2024 18:00,Staten Island, NY,7.9
Dom DeMarco's Pizzeria & Bar,2/13/2024 18:00,Las Vegas, NV,7.9
Red Dwarf,2/9/2024 18:00,Las Vegas, NV,7.5
Monzú Italian Oven + Bar,2/8/2024 18:00,Las Vegas, NV,7.8
The Sand Dollar Lounge,2/7/2024 18:00,Las Vegas, NV,6.5
Pier 76,2/6/2024 18:02,Staten Island, NY,7.6
Joe's Pizza NYC,2/5/2024 18:00,Miami, FL,8.2
Jimmy Max,2/2/2024 18:00,Staten Island, NY,7.7
Ungaro Coal Fired Pizza Cafe,2/1/2024 18:00,Staten Island, NY,7.7
Alla Vita,2/1/2024 18:00,Chicago, IL,7.9
The Vic Tavern,1/31/2024 18:00,Bayonne, NJ,7.7
D. Palmieri's Bakery,1/30/2024 18:00,Johnston, RI,7.5
Nice Slice Pizzeria,1/29/2024 18:00,Providence, RI,7.7
Francesco's Pizzeria,1/26/2024 18:00,Providence, RI,7.9
Merlino's Pizzeria,1/25/2024 18:00,Cranston, RI,7.4
Jacaranda Restaurant & Pizze...,1/24/2024 18:00,Plantation, FL,7.4
Frank Pepe Pizzeria Napoleta...,1/23/2024 18:00,Plantation, FL,8.1
Pie Life Pizza,1/22/2024 18:00,Pasadena, CA,7.7
Casa Bianca Pizza Pie,1/19/2024 18:00,Los Angeles, CA,6.8
Ozzy's Apizza,1/18/2024 18:00,Glendale, CA,8.1
The Luggage Room Pizzeria & ...,1/17/2024 18:00,Pasadena, CA,6.9
Hoey's Pizza,1/15/2024 18:00,Randolph, MA,7.6
Buddy's Union Villa,1/12/2024 18:00,North Easton, MA,8.2
Ultimate Pizza,1/11/2024 18:00,South Easton, MA,8.1
J's Flying Pizza,1/10/2024 18:00,Bridgewater, MA,8.1
Damien's,1/9/2024 18:00,Hanson, MA,7.9
Venus Cafe,1/8/2024 18:00,Whitman, MA,8.1
Denly Gardens,1/5/2024 18:00,Weymouth, MA,8.1
Molinari's,1/4/2024 18:00,Dorchester, MA,7.4
Zack's Pizza,1/3/2024 18:00,Randolph, MA,7.7
Bardo's Pizza Trailer,1/2/2024 18:01,Norwood, MA,6.8
CRISP,12/28/2023 18:00,Walpole, MA,7.8
DiVito Brothers Italian Spec...,12/26/2023 18:00,Billerica, MA,7.3
Brewer's Fork,12/22/2023 18:00,Boston, MA,7.3
DaCoopas Pizza E.B.,12/21/2023 18:00,Boston, MA,7.8
Denneno's Pizza,12/20/2023 18:00,Stoughton, MA,8.1
Pizzeria Enzina,12/19/2023 18:00,Waltham, MA,7.8
Mike's Pie,12/18/2023 18:00,Hudson, NH,7.2
Joanie's Pizza,12/15/2023 18:00,Chelmsford, MA,8.4
Turnpike Market,12/14/2023 18:00,Billerica, MA,7.1
Dino's Brick Oven Pizzeria,12/13/2023 18:00,Wakefield, MA,7.7
The Brown Jug,12/12/2023 18:00,Chelsea, MA,7.5
Fialkoff’s Kosher Pizza,12/11/2023 18:00,Surfside, FL,7.5
Wizard Hat Pizza,12/7/2023 18:00,Brooklyn, NY,7.9
The Astarita,12/6/2023 18:00,Brooklyn, NY,7.4
Peppino's Brick Oven Pizza &...,12/5/2023 18:00,Brooklyn, NY,7.9
Smiling Pizza Restaurant,12/4/2023 18:00,Brooklyn, NY,7.7
Antonio's Pizzeria & Restaur...,12/1/2023 18:00,Brooklyn, NY,7.4
Zoli's Pizza,11/30/2023 18:00,Fort Worth, TX,7.9
Loui's Pizza,11/29/2023 18:00,Hazel Park, MI,7.7
Palazzo Di Pizza,11/28/2023 18:00,Royal Oak, MI,7.9
Sicily's Pizzeria & Subs,11/27/2023 18:00,Detroit, MI,7.6
Pummarola - Midtown,11/24/2023 18:00,Miami, FL,7.2
Hysen's Nizza Pizza,11/22/2023 18:00,Fort Worth, TX,6.1
Moonlight Pizza,11/21/2023 18:00,Pen Argyl, PA,8.3
Russo's Pizza,11/20/2023 18:00,New Hope, PA,7.5
Lucatelli’s Pizzeria,11/17/2023 18:00,Doylestown, PA,7.8
HG Bucks Bagels,11/16/2023 18:00,Warminster, PA,7.5
Peppino’s,11/15/2023 18:00,Chalfont, PA,7.8
Pizano's Pizza and Pasta,11/14/2023 18:00,Chicago, IL,7.3
Nonna's Pizza & Sandwiches,11/13/2023 18:00,Chicago, IL,7.3
Tomato Pie Pizza Joint,11/10/2023 18:00,South Pasadena, CA,7.5
U Street Pizza,11/9/2023 18:00,Pasadena, CA,7.1
Greenbush Bar,11/8/2023 18:00,Madison, WI,8.1
Grampa's Pizzeria,11/7/2023 18:00,Madison, WI,8.1
Next Door Pub,11/6/2023 18:00,Lake Geneva, WI,7.1
Oakfire,11/3/2023 18:00,Lake Geneva, WI,6.8
SLYCE Coal Fired Pizza Compa...,11/2/2023 18:00,Wauconda, IL,6.2
Uncle Jerry’s Pizza Company,11/1/2023 18:00,Cary, IL,8.3
Sal's Pizza Company,10/31/2023 18:00,Algonquin, IL,7.6
Village Pizza & Pub,10/30/2023 18:00,Carpentersville, IL,7.7
PDA Slice Shop,10/27/2023 18:00,New York, NY,4.9
Xeno’s Pizza,10/26/2023 18:00,New York, NY,7.7
Pizza and Shakes,10/25/2023 18:00,New York, NY,6.3
Fiorentina Pizzeria and Gril...,10/24/2023 18:00,New York, NY,7.3
Pizza Fenice,10/23/2023 18:00,Village of Pelham, NY,7.8
Roma Restaurant,10/20/2023 18:00,Tuckahoe, NY,7.9
Cosimo & Johnny’s Pizzeria,10/19/2023 18:00,Eastchester, NY,7.4
Polpettina,10/18/2023 18:00,Eastchester, NY,8.2
City Slice Pizza & Pints,10/17/2023 18:00,Baton Rouge, LA,6.2
Schlittz & Giggles,10/16/2023 18:00,Baton Rouge, LA,4.2
Sunrise Pizzeria,10/13/2023 18:00,Rye, NY,7.6
D'amato's Bakery,10/12/2023 18:00,Chicago, IL,7.3
Pizzeria Serio,10/11/2023 18:00,Chicago, IL,7.4
Milly’s Pizza In The Pan,10/10/2023 18:00,Chicago, IL,7.9
Max & Issy’s,10/9/2023 18:00,Chicago, IL,7.9
Naudi Signature Pizza,10/6/2023 18:00,Chicago, IL,7.2
Yia Yia's Pizza & Beer,10/5/2023 18:00,Lincoln, NE,7.1
MoMo Pizzeria & Ristorante,10/4/2023 18:00,Lincoln, NE,7.3
Valentino's Pizza,10/3/2023 18:00,Lincoln, NE,5.9
Crushed Pizzeria,10/2/2023 18:00,Chicago, IL,6.4
Side Street Saloon,9/29/2023 18:00,Chicago, IL,7.1
Dimo's Pizza,9/28/2023 18:00,Chicago, IL,6.5
Chrissy’s Pizza,9/27/2023 18:00,New York, NY,8.2
Micucci Grocery,9/25/2023 18:00,Portland, ME,6.4
Belleville,9/22/2023 18:00,Portland, ME,7.7
Pizzaiolo,9/21/2023 18:00,Portland, ME,7.5
Slab Sicilian Street Food,9/20/2023 18:00,Portland, ME,6.6
Flatbread Company,9/19/2023 18:00,Portland, ME,6.8
OTTO,9/18/2023 18:00,Portland, ME,7.1
Monte's,9/15/2023 18:00,Portland, ME,8.4
Bungalow by Middle Brow,9/14/2023 18:00,Chicago, IL,8.1
La Famiglia,9/13/2023 19:00,Albany, NY,6.4
Pizza On The Beach,9/12/2023 18:00,Lauderdale-by-the-Sea, FL,7.3
Heat Pizza Bar,9/11/2023 18:00,Tuscaloosa, AL,7.1
Romo's Pizza,9/8/2023 18:00,Glenmont, NY,7.9
9 Miles East Farm,9/7/2023 18:00,Saratoga Springs, NY,6.8
Supreme Pizza,9/6/2023 18:00,Boston, MA,7.3
Leone's Sub & Pizza,9/5/2023 18:00,Somerville, MA,7.8
Dragon Pizza,8/31/2023 21:15,Somerville, MA,6.4
Avenue Kitchen + Bar,8/31/2023 18:00,Somerville, MA,7.1
Mike's Food & Spirits,8/30/2023 18:00,Somerville, MA,6.2
Mortadella Head,8/29/2023 18:00,Somerville, MA,7.8
Pinocchios Pizza & Subs,8/28/2023 18:00,Cambridge, MA,6.9
Belmont Pizza,8/25/2023 18:00,Belmont, MA,8.1
Pizza Roma,8/24/2023 18:00,Watertown, MA,7.1
Ziggy’s,8/23/2023 18:00,Brighton, MA,7.6
Crispy Heaven Bakery,8/22/2023 18:00,New York, NY,7.1
LTD Pizza and Bar,8/21/2023 18:08,New York, NY,8.1
Dicarlo's Pizza,8/18/2023 18:00,Wheeling, WV,6.4
Funzi’s Pizzeria,8/17/2023 18:00,New York, NY,8.2
Sauce Pizzeria,8/16/2023 18:00,New York, NY,7.3
Aldos Restaurant,8/15/2023 18:00,Block Island, RI,7.2
Spring House Hotel,8/14/2023 18:00,Block Island, RI,6.2
Spring Street Deli And Pizze...,8/11/2023 18:00,Saratoga Springs, NY,7.4
Marino's Flying Pizza & Rest...,8/10/2023 18:00,Schenectady, NY,7.6
Sovrana,8/9/2023 18:08,Albany, NY,7.2
Marisa's Place,8/7/2023 18:00,Guilderland, NY,7.9
151 Bar & Restaurant,8/4/2023 18:00,Schenectady, NY,1.2
Block Island pizza Pie,8/3/2023 18:00,Block Island, RI,7.2
Pizza King,8/1/2023 18:00,Schenectady, NY,7.1
Village Pizzeria & Ristorant...,7/31/2023 18:00,Middle Grove, NY,7.3
Slice of Glenville,7/28/2023 18:00,Glenville, NY,7.8
Jimmy's Pizza & Pasta,7/27/2023 18:00,Malta, NY,7.3
Walt & Whitman Brewing,7/26/2023 18:00,Saratoga Springs, NY,7.6
BWP,7/25/2023 18:00,Saratoga Springs, NY,6.6
Fini Pizza,7/24/2023 18:00,Amagansett, NY,8.1
NYC Pizza Kitchen,7/20/2023 18:00,New York, NY,7.3
Bellagio Pizzeria & Restaura...,7/19/2023 18:00,Farmingdale, NY,7.3
Montana Brothers,7/18/2023 18:00,Freeport, NY,7.8
Pizzaiola,7/17/2023 18:00,Oceanside, NY,7.2
La Strada of Merrick,7/14/2023 18:00,Merrick, NY,7.6
Gino's of Seaford,7/13/2023 18:00,Seaford, NY,7.5
SoPies Pizza,7/12/2023 18:00,Southern Pines, NC,7.5
Pinehurst Brewing Company,7/11/2023 18:00,Pinehurst, NC,6.6
Vito's Pizzeria of Pinehurst,7/10/2023 18:00,Aberdeen, NC,7.3
Whispering Pies,7/7/2023 18:00,Carthage, NC,5.9
Luv pizza,7/6/2023 18:00,New York, NY,4.2
Italian Trattoria IT,7/5/2023 18:00,New York, NY,7.1
Grand Street Pizza,7/3/2023 18:00,New York, NY,8.2
Uncle Sam's Pizza,6/30/2023 18:00,New York, NY,6.6
Crispiano Pizza Bar,6/29/2023 18:00,New York, NY,7.3
Pizza Loves Sauce,6/28/2023 18:00,New York, NY,6.4
Traditas Pizza,6/27/2023 18:00,New York, NY,7.1
The Slice Shop,6/21/2023 18:00,Chicago, IL,7.7
La Casa Bella,6/20/2023 18:00,Brooklyn, NY,7.9
Mano’s Pizzeria,6/19/2023 18:00,Ridgewood, NY,7.8
Philomena's,6/16/2023 18:00,Sunnyside, NY,7.9
Zillions Pizza,6/15/2023 18:00,New York, NY,7.9
Camille's Wood Fired Pizza,6/14/2023 18:00,Tolland, CT,7.7
Little Rendezvous,6/13/2023 18:00,Meriden, CT,9.1
Fuoco Apizza,6/12/2023 18:00,Cheshire, CT,8.5
Next Door,6/9/2023 18:00,New Haven, CT,7.3
Mangia Apizza,6/8/2023 18:00,North Haven, CT,8.2
Olde World Apizza,6/7/2023 18:00,North Haven, CT,8.1
Tipsy Tomato Bar and Pizzeri...,6/6/2023 18:00,Derby, CT,7.6
Papa's Pizza & Pasta,6/5/2023 18:00,Milford, CT,8.1
Brewport,6/2/2023 18:00,Bridgeport, CT,8.1
Dante's Pizza,6/1/2023 18:00,New Canaan, CT,7.7
Grigg Street Pizza,5/31/2023 18:00,Greenwich, CT,8.2
Wheated,5/30/2023 18:00,Brooklyn, NY,8.1
The Brooklyn Firefly,5/29/2023 18:00,Brooklyn, NY,7.5
AvenUe Pizza,5/26/2023 18:00,Brooklyn, NY,6.7
Ciccio's Pizza,5/26/2023 18:00,Brooklyn, NY,7.5
La Villa Pizzeria,5/25/2023 18:00,Brooklyn, NY,7.8
Il Colosseo,5/24/2023 18:00,Brooklyn, NY,7.4
DaVinci Pizzeria,5/23/2023 18:00,Brooklyn, NY,7.9
Europa Pizzeria,5/22/2023 18:00,Brooklyn, NY,7.3
Focaccia Pizza,5/19/2023 18:00,Brooklyn, NY,7.7
Crown Heights Pizza,5/18/2023 18:00,Brooklyn, NY,7.3
Amore Pizza Cafe,5/17/2023 18:00,New York, NY,5.2
Carlos Pizza,5/16/2023 18:00,Middle Vlg, NY,7.4
Joe & John's Pizzeria,5/15/2023 18:00,Ridgewood, NY,7.5
Fazio's,5/12/2023 18:00,Brooklyn, NY,7.6
Crust Brooklyn Pizzeria,5/11/2023 18:00,Brooklyn, NY,7.3
MozzaPi,5/10/2023 18:00,Louisville, KY,6.1
Old School NY Pizza,5/9/2023 18:00,Louisville, KY,6.7
Orange Crate Brewing Company,5/8/2023 18:00,Syracuse, NY,5.8
Trattoria Nonna,5/5/2023 18:00,Boca Raton, FL,6.6
Kirby Ice House,5/4/2023 18:00,Houston, TX,7.1
Star Pizza,5/3/2023 18:00,Houston, TX,5.1
Chef Gigi’s Place,5/2/2023 18:00,Franklin Square, NY,8.2
Pizzeria G,5/1/2023 18:00,Garden City, NY,7.9
Dario's Pizza,4/28/2023 18:00,West Hempstead, NY,8.3
Taglio Pizza,4/27/2023 18:00,Mineola, NY,7.8
Gaby's Pizza,4/26/2023 18:00,Hollis, NY,6.2
Pizzeria La Torre San Martin...,4/25/2023 18:00,Griante, CO,7.7
Grand Hotel Tremezzo,4/24/2023 18:00,Tremezzo, LC,4.1
Crust Pizza Co. - Lake Charl...,4/21/2023 18:00,Lake Charles, LA,6.3
La Darsena,4/20/2023 18:00,Como, LC,4.1
Forma e Gusto,4/19/2023 18:00,Bellagio, CO,6.9
Le Specialità,4/18/2023 18:00,Milan, MI,7.1
Berbere Colonne,4/17/2023 18:00,Milan, MI,7.6
Farini,4/14/2023 18:00,Venezia, VE,8.1
Antico Forno Venezia,4/13/2023 18:00,Venezia, VE,7.9
Calda Pizza,4/12/2023 18:00,Venezia, VE,7.6
tiPinso,4/11/2023 18:00,Milan, MI,7.4
Sexton's Pizza,4/10/2023 18:00,Hilliard, OH,8.1
'o Fiore Mio Pizze Di Strada,4/7/2023 18:00,Milan, MI,8.1
Roma's Pizza,4/6/2023 18:00,Houston, TX,5.9
Tony's New York Pizza,4/5/2023 18:00,Houston, TX,6.7
Brother's Pizzeria,4/4/2023 18:00,Houston, TX,7.2
Mikey's Late Night Slice,4/3/2023 19:00,Columbus, OH,6.5
Romano's Pizza,3/31/2023 18:00,Houston, TX,7.5
OH Pizza & Brew,3/30/2023 18:00,Columbus, OH,5.7
Old Scratch Pizza,3/29/2023 18:00,Dayton, OH,7.7
Marion's Piazza,3/28/2023 18:00,Dayton, OH,7.4
Hounddog's Three Degree Pizz...,3/27/2023 18:00,Columbus, OH,7.3
East Coast Pizzeria,3/24/2023 18:00,Columbus, OH,7.2
Via Napoli Ristorante e Pizz...,3/23/2023 18:00,Orlando, FL,7.1
Jack's Coal Fired Pizza,3/22/2023 18:00,Burlington, MA,7.8
Cafe Capri,3/21/2023 18:00,Reading, MA,7.4
Riverview Restaurant,3/20/2023 18:00,Ipswich, MA,8.2
Alex's Roast Beef,3/17/2023 18:00,Topsfield, MA,5.9
Rocco's Pizza House Restaura...,3/15/2023 18:00,Danvers, MA,7.2
Little Italy,3/14/2023 18:00,Beverly, MA,6.2
Mandee's Pizza,3/13/2023 18:00,Salem, MA,6.5
Flying Saucer Pizza Company,3/10/2023 18:00,Salem, MA,6.7
Ah-Beetz New Haven Pizza,3/9/2023 18:00,Delray Beach, FL,8.4
Bambini's Garden Pizzeria,3/8/2023 18:00,Delray Beach, FL,6.8
Manhattan Joe's Pizzeria - P...,3/7/2023 18:00,Boca Raton, FL,6.4
How Ya Dough’n,3/6/2023 18:03,Boca Raton, FL,7.8
Graziano's Pizza,3/3/2023 18:00,Charleston, WV,7.3
Mainline Sports Bar,3/2/2023 18:00,Hot Springs, AR,5.9
Rocky's Corner,3/1/2023 18:00,Hot Springs, AR,6.9
DeLuca's Pizza,2/28/2023 18:00,Hot Springs, AR,8.7
Vice City Pizza,2/27/2023 18:00,Kendall, FL,7.9
Crisp Premium Pizza,2/24/2023 18:00,Scottsdale, AZ,7.8
Yo Pauly's New York Pizza,2/23/2023 18:00,Scottsdale, AZ,7.7
Crust Brothers Pizza,2/22/2023 6:00,Scottsdale, AZ,7.7
Sal's Gilbert Pizza,2/21/2023 18:00,Gilbert, AZ,7.5
Brooklyn V's Pizza,2/20/2023 18:00,Gilbert, AZ,7.4
Hot Daisy Pizza,2/17/2023 18:00,Phoenix, AZ,7.2
IL Bosco Pizza,2/16/2023 18:00,Phoenix, AZ,6.8
Venezia's New York Style Piz...,2/15/2023 18:00,Tempe, AZ,5.9
Spinato's Pizzeria and Famil...,2/14/2023 18:00,Tempe, AZ,6.7
Craft 64 - Scottsdale,2/13/2023 18:00,Scottsdale, AZ,7.5
Pane Bianco - Central,2/10/2023 18:00,Phoenix, AZ,7.5
Pizzeria Bianco,2/9/2023 18:00,Phoenix, AZ,7.3
Wells Brothers Restaurant,2/8/2023 18:00,Racine, WI,8.1
Zaffiro's Pizza,2/7/2023 18:00,Milwaukee, WI,7.2
Ian's Pizza Milwaukee | Down...,2/6/2023 18:00,Milwaukee, WI,6.9
Brick 3 Pizza,2/3/2023 18:00,Milwaukee, WI,7.1
Classic Slice,2/2/2023 18:00,Milwaukee, WI,4.7
Over Under,2/1/2023 18:00,Miami, FL,8.3
Primo Pizza,1/31/2023 18:00,Miami Beach, FL,7.4
John The Baker,1/30/2023 18:00,Pembroke Pines, FL,7.6
Dicey's Tavern,1/27/2023 18:00,Nashville, TN,7.7
Manny's House of Pizza,1/26/2023 18:00,Nashville, TN,7.9
Nicky's Coal Fired,1/25/2023 18:00,Nashville, TN,7.6
Midnight Oil,1/24/2023 18:00,Nashville, TN,6.4
Krust,1/23/2023 18:00,Tavernier, FL,7.7
No Name Pub,1/20/2023 18:00,Big Pine Key, FL,3.8
Coast to Coast Pizza Company,1/19/2023 18:00,Marathon, FL,7.7
Enrico's Pizza Islamorada,1/18/2023 18:00,Tavernier, FL,6.7
Pedroso's Pizza,1/16/2023 18:00,Austin, TX,7.7
Sammataro,1/13/2023 18:00,Austin, TX,7.9
Via 313 Pizza,1/12/2023 18:00,Austin, TX,7.5
Squared Up Pizza,1/11/2023 18:00,Tucson, AZ,7.6
Via Della Slice Shop,1/10/2023 18:00,Phoenix, AZ,7.9
Frank Pepes of Plantation,1/9/2023 18:00,Plantation, FL,7.2
Goodfella's Pizza,1/6/2023 18:00,Jupiter, FL,7.5
Vinny's Pizza,1/5/2023 18:00,Jupiter, FL,7.3
Blue Springs Pizza,1/4/2023 19:00,Orange City, FL,6.8
The Drexel,1/3/2023 18:00,Miami Beach, FL,6.8
Toppers Pizza Place,1/2/2023 18:00,Camarillo, CA,6.6
Tony's Pizza Bros,12/29/2022 18:00,Camarillo, CA,7.1
Jeff's Pizza,12/27/2022 18:00,East Providence, RI,8.1
Pizza Marvin,12/26/2022 18:00,Providence, RI,8.2
Pizza J,12/23/2022 18:00,Providence, RI,6.8
Nellies Place,12/22/2022 18:00,Waldwick, NJ,7.9
Nanuet Restaurant,12/21/2022 18:00,Nanuet, NY,7.2
Nanuet Hotel & Restaurant,12/20/2022 18:00,Nanuet, NY,7.3
Casaletto Pizzeria,12/19/2022 18:00,Sleepy Hollow, NY,7.1
Beekman Ale House,12/16/2022 18:00,Sleepy Hollow, NY,7.4
Norcina,12/15/2022 18:00,New City, NY,7.2
The Mountain House,12/14/2022 18:00,Sparkill, NY,8.2
Vinny's Pizza,12/13/2022 18:12,Dekalb, IL,5.8
Doughbrik's Pizza,12/12/2022 18:00,West Hollywood, CA,6.4
Twin's Pizza,12/9/2022 18:00,North Providence, RI,7.7
Annex the Lord Stanley's,12/8/2022 18:00,DeKalb, IL,7.3
Pizza Pro's,12/7/2022 18:00,DeKalb, IL,6.3
The Stubborn Brother Pizza B...,12/6/2022 18:00,Toledo, OH,8.1
Inky's Italian Foods,12/5/2022 18:00,Toledo, OH,7.1
Home Slice Pizza,12/2/2022 18:00,Toledo, OH,7.4
Village Idiot,12/1/2022 18:00,Maumee, OH,7.1
Pete's Pizza,11/30/2022 18:00,Columbus, NJ,7.8
Kate & Al's Pizza,11/29/2022 18:00,Columbus, NJ,7.4
Grant Street Cafe,11/28/2022 18:00,Dumont, NJ,8.2
Ledo Pizza,11/25/2022 18:00,New York, NY,6.7
Lillo's Tomato Pies,11/23/2022 18:00,Hainesport, NJ,8.4
Mateo's Tomato Pie & Restaur...,11/22/2022 18:00,Hainesport, NJ,7.2
Mama's Meatballs & Pizzeria,11/21/2022 18:00,Pennsauken, NJ,7.4
Bricco Coal Fired Pizza,11/18/2022 18:00,Westmont, NJ,7.9
Brooklyn Original Pizzeria,11/17/2022 18:00,Haddon Heights, NJ,7.3
Benny's Pizza,11/16/2022 18:00,West Chester, PA,7.3
West Chester Pizza Cafe,11/15/2022 18:00,West Chester, PA,8.1
Pizza West Chester,11/14/2022 18:00,West Chester, PA,8.4
Joe Bologna's,11/11/2022 18:00,Lexington, KY,6.7
Mad Mushroom Pizza,11/10/2022 18:00,Lexington, KY,5.2
LexLive,11/9/2022 18:00,Lexington, KY,0
Buonocores Brick Oven Pizza,11/8/2022 18:00,Haledon, NJ,6.9
Sun Ray Pizzeria,11/7/2022 18:00,Little Falls, NJ,7.7
Lombardi's Bar & Restaurant,11/4/2022 18:00,Cedar Grove, NJ,7.3
Teglia Pizza Bar,11/3/2022 18:00,Montclair, NJ,7.9
Blue Steel Pizza,11/2/2022 18:00,Bloomfield, NJ,7.8
Aubree's Pizzeria & Grill,11/1/2022 18:00,Ypsilanti, MI,6.5
College Pizza,10/31/2022 18:00,State College, PA,1.8
Miami Slice,10/28/2022 18:00,Miami, FL,8.6
Alton Food Hall,10/27/2022 18:00,Miami Beach, FL,5.9
Red Zeppelin Pizza,10/26/2022 18:00,Baton Rouge, LA,6.8
Frank's Pizza,10/25/2022 18:00,Houston, TX,5.4
The Gypsy Poet,10/24/2022 18:00,Houston, TX,7.8
La Natural,10/21/2022 18:00,Miami, FL,6.8
Slices New York,10/20/2022 18:00,Orlando, FL,2.4
Willie's New York Style Pizz...,10/19/2022 18:00,Juno Beach, FL,8.1
L&L Pizza and Pasta New York...,10/18/2022 18:00,Metuchen, NJ,7.2
Nola’s Osteria & Pizza,10/17/2022 18:00,Garwood, NJ,7.8
Vinnie’s Brick Oven Pan Pizz...,10/14/2022 18:00,Millburn, NJ,8.3
Rustique Pizza,10/13/2022 18:00,Jersey City, NJ,7.9
Brower Commons,10/12/2022 18:00,New Brunswick, NJ,1.8
Daniel's Pizzeria,10/11/2022 18:00,New Brunswick, NJ,7.2
Sal's Pizzeria,10/10/2022 18:00,West New York, NJ,7.8
San Giuseppe,10/7/2022 18:00,Hoboken, NJ,7.4
Bread and Salt,10/6/2022 18:00,Jersey City, NJ,8.1
Leo's Grandevous,10/5/2022 18:00,Hoboken, NJ,7.2
Five Boys Fresh Pizza,10/4/2022 18:00,New York, NY,3.8
Napoli Pizza,10/3/2022 18:00,New York, NY,6.6
Spunto,9/30/2022 18:00,New York, NY,7.8
Little Charli,9/29/2022 18:00,New York, NY,8.1
Pin-Up Pizza,9/28/2022 18:00,Las Vegas, NV,4.8
PizzaCake by Buddy Valastro,9/27/2022 18:00,Las Vegas, NV,6.1
Cruze Farm Pizza Barn,9/26/2022 18:00,Knoxville, TN,7.3
Stan's Chitch's Pizza Restau...,9/23/2022 18:00,Bound Brook, NJ,7.1
Prima Pizza Kitchen,9/22/2022 18:00,Somerville, NJ,7.7
Jojo's Tavern,9/21/2022 18:00,Trenton, NJ,7.4
Marcello's Pizza-Grill,9/20/2022 18:00,Hamilton, NJ,8.1
Marcello's Coal Fired Restau...,9/19/2022 18:00,Bordentown, NJ,8.2
Mulberry Street Pizzeria,9/16/2022 18:00,Las Vegas, NV,6.8
Palermo's,9/15/2022 18:00,Bordentown, NJ,8.2
Leo,9/14/2022 18:00,Brooklyn, NY,5.1
Ace's Pizza,9/13/2022 18:00,Brooklyn, NY,7.4
The Airliner,9/12/2022 18:00,Iowa City, IA,6.4
Fini Pizza,9/9/2022 18:00,Brooklyn, NY,7.9
Valentine's Pizza,9/8/2022 18:00,Brooklyn, NY,7.8
Brooklyn DOP,9/7/2022 18:00,Brooklyn, NY,8.1
Front Street Pizza,9/6/2022 18:00,Brooklyn, NY,6.4
Andiamo Pizza,9/2/2022 18:00,New York, NY,6.7
Michael Angelo's Restaurant ...,9/1/2022 18:00,Fairfield, NJ,7.7
Casa D Pizza,8/31/2022 18:00,Denville, NJ,7.5
Nicky’s Firehouse Italian Re...,8/30/2022 18:00,Madison, NJ,7.6
Pomodoro Ristorante & Pizzer...,8/29/2022 18:00,Morristown, NJ,7.5
Suvio Pizzeria & Restaurant,8/26/2022 18:00,Morristown, NJ,7.6
JFK Airport Terminal 7,8/25/2022 18:00,Jamaica, NY,5.8
Zazas Pizzeria,8/24/2022 18:00,Chicago, IL,8.2
John's Pizzeria Ristorante &...,8/23/2022 18:00,Chicago, IL,6.8
The StopAlong,8/22/2022 18:00,Chicago, IL,7.8
Backyard Pizza and Raw Bar,8/19/2022 18:00,Huntington, WV,7.1
Dough Bros Pizzeria & Sub Sh...,8/18/2022 18:00,Chicago, IL,7.1
O'Scugnizzo Pizzeria,8/17/2022 18:00,Utica, NY,8.1
Slice Pizzeria,8/16/2022 18:00,Utica, NY,7.7
Nina's Pizza,8/15/2022 18:00,Utica, NY,7.3
Twin Trees,8/12/2022 18:00,East Syracuse, NY,6.2
Pavone's Pizza,8/11/2022 18:00,East Syracuse, NY,7.6
Mario & Salvo's,8/10/2022 18:00,DeWitt, NY,7.6
Varsity Pizza,8/9/2022 18:00,Syracuse, NY,6.5
Francesca's Pizza & Italian ...,8/8/2022 18:00,Liverpool, NY,7.4
Apizza Regionale,8/5/2022 18:00,Syracuse, NY,6.8
Avicolli's Restaurant,8/4/2022 18:00,Liverpool, NY,7.3
Toss 'n' Fire Wood-Fired Piz...,8/3/2022 18:00,North Syracuse, NY,7.2
Paladino's Pizza,8/2/2022 18:00,Syracuse, NY,7.5
Yard Sale Pizza,8/1/2022 18:00,London, XGL,6.8
The Chancellors,7/29/2022 18:00,London, XGL,8.1
Delfino Pizzeria,7/27/2022 18:00,London, XGL,6.6
The Breadstall,7/26/2022 18:00,London, XGL,7.6
Bad Boy Pizza Society,7/25/2022 18:00,London, null,7.1
Homeslice Neal's Yard,7/22/2022 18:00,London, XGL,6.8
Oliveto,7/21/2022 18:00,London, XGL,7.4
Gennaro's Pizza Parlor,7/20/2022 18:00,Saratoga Springs, NY,7.1
World Pie,7/19/2022 18:00,Bridgehampton, NY,7.5
American Pie Pizzeria,7/18/2022 18:00,Bridgehampton, NY,7.2
The Pizza Place,7/15/2022 18:00,Bridgehampton, NY,4.2
Founders Tavern,7/14/2022 18:00,Southold, NY,5.4
Grana,7/13/2022 18:00,Jamesport, NY,7.7
Lenny's Pizza & Bistro,7/12/2022 18:00,Jamesport, NY,6.9
Michelangelo Pizzeria,7/11/2022 18:00,Mattituck, NY,7.3
Espresso North Fork,7/8/2022 18:00,Mattituck, NY,6.8
Claudio's Pizza,7/7/2022 18:00,Greenport, NY,7.3
La Capricciosa Pizza,7/6/2022 18:00,Greenport, NY,7.1
1943 Pizza Bar,7/5/2022 18:00,Greenport, NY,7.3
Shelter Island Slice,7/1/2022 18:00,Shelter Island, NY,7.3
Plaza Restaurant,6/30/2022 18:00,Montauk, NY,7.9
The Pizza Shop by Flour,6/29/2022 18:00,Hoboken, NJ,8.2
Max and Leo's - Newton,6/28/2022 18:00,Newton, MA,7.6
Stella's Pizza,6/27/2022 18:00,Watertown, MA,7.8
For Pizza,6/24/2022 18:00,Medford, MA,7.2
Angela's Coal Fired Pizza,6/23/2022 18:00,Saugus, MA,7.8
The Square Deli,6/22/2022 18:00,Everett, MA,8.3
The Pleasant Cafe,6/21/2022 18:00,Roslindale, MA,8.1
Casa Pizzeria,6/20/2022 18:00,Ludlow, MA,7.9
Red Rose,6/17/2022 18:00,Springfield, MA,7.9
Little City Pizza,6/16/2022 18:00,Avon, CT,7.9
New York Pizza,6/15/2022 18:00,Danielson, CT,7.6
"I Love Frankie’s, Worcester’...",6/14/2022 18:00,Worcester, MA,7.7
Tabor Pizzeria,6/13/2022 18:00,Morris Plains, NJ,7.9
Lulu Kitchen & Bar,6/10/2022 18:00,Sag Harbor, NY,7.1
Il Buco al Mare,6/9/2022 18:00,Amagansett, NY,7.7
Augy's Restaurant & Pizza,6/8/2022 18:00,Boca Raton, FL,7.8
Joseph's Classic Market - Bo...,6/7/2022 18:00,Boca Raton, FL,6.7
Pizza Ricca,6/6/2022 18:00,Hollywood, FL,7.2
Amelia's Brooklyn Pizza,6/3/2022 18:00,Lighthouse Point, FL,6.8
Kosta's Greek Eatery,6/2/2022 18:00,Pompano Beach, FL,7.6
Crust,6/1/2022 18:00,East Elmhurst, NY,7.1
Cafe Martorano,5/31/2022 18:00,Fort Lauderdale, FL,8.8
Sammy's Woodfired Pizza And ...,5/27/2022 18:00,Las Vegas, NV,2.4
Carmine's Pizza Kitchen,5/26/2022 18:00,Henderson, NV,7.3
Lucia Pizza,5/25/2022 18:00,Brooklyn, NY,7.8
Dominic's II Pizza & Pasta,5/24/2022 18:00,Boca Raton, FL,7.5
Louie Bossi's Ristorante Bar...,5/23/2022 18:00,Fort Lauderdale, FL,6.4
Fresca Pizza & Pasta,5/18/2022 18:00,Toronto, ON,7.4
Carlo's Bakery,5/17/2022 18:00,Mississauga, ON,7.5
Pizza Nostra,5/16/2022 18:00,Mississauga, ON,8
Revolver Pizza,5/13/2022 18:00,Etobicoke, ON,6.8
Sanremo Bakery,5/12/2022 18:00,Etobicoke, ON,7.8
Conzo's Pizza,5/11/2022 18:00,Toronto, ON,8.2
Super Point,5/10/2022 18:00,Toronto, ON,7.7
Ambassador Pizza,5/9/2022 18:00,Toronto, ON,7.3
Becca's Restaurant & Lounge,5/7/2022 12:00,Las Vegas, NV,6.9
Frank’s Pizza House,5/6/2022 18:00,Toronto, ON,7.3
Pizzeria Badiali,5/5/2022 18:00,Toronto, ON,8.3
One Night Only Pizza,5/4/2022 18:00,Toronto, ON,7.9
Descendant Detroit Style Piz...,5/3/2022 18:00,Toronto, ON,8.1
Pizza Gigi,5/2/2022 18:00,Toronto, ON,7
Blondies Pizza,4/29/2022 18:00,Toronto, ON,6.8
Bitondo's Pizzeria,4/28/2022 18:00,Toronto, ON,7.5
The Fourth Man In The Fire,4/27/2022 18:00,Toronto, ON,7.4
Maker Pizza,4/26/2022 18:00,Toronto, ON,6.1
North of Brooklyn Pizzeria,4/25/2022 18:00,Toronto, ON,8.4
Siamo,4/19/2022 18:00,Miami Springs, FL,5.9
Roman's Pizzeria,4/18/2022 18:00,Miami Springs, FL,7.4
Pizzillo,4/15/2022 18:00,Miami, FL,6.2
Star Chigua's Pizza Pizza Cu...,4/14/2022 18:00,Hialeah, FL,5.1
Yeti's at Skatebird,4/13/2022 18:00,Miami, FL,7.8
Groovy's,4/12/2022 18:00,Miami Beach, FL,3.2
The Boot Bar and Grill,4/11/2022 18:00,New Orleans, LA,6.7
NOLA Pizza Co.,4/8/2022 18:00,New Orleans, LA,7.4
Big Easy Daiquiris,4/7/2022 18:00,New Orleans, LA,2.4
Zee’s Pizzeria,4/6/2022 18:00,New Orleans, LA,7.7
Pizza Delicious,4/5/2022 18:00,New Orleans, LA,7.8
Mid City Pizza,4/4/2022 18:00,New Orleans, LA,6.8
A Little Bit of Philly,4/1/2022 18:00,Miami Springs, FL,7.5
Di Piazza Pizzeria and Resta...,3/31/2022 18:00,Hialeah, FL,7.5
Domenico's Italian Restauran...,3/30/2022 18:00,Miami Lakes, FL,6.1
Salvatore Pizza Pasta & Subs,3/29/2022 18:00,Hialeah, FL,7.3
Four Seasons Hotel Philadelp...,3/25/2022 18:00,Philadelphia, PA,6.1
'O Munaciello,3/24/2022 18:00,Miami, FL,6.7
Pizzeria Uno,3/23/2022 18:00,Chicago, IL,7.8
The Angelo Pizza,3/22/2022 18:00,Philadelphia, PA,7.5
Mix Bar and Grill,3/21/2022 18:00,Philadelphia, PA,6.3
Pizzeria Vetri,3/18/2022 18:00,Philadelphia, PA,6.8
Angelo's To Go,3/16/2022 18:00,Fort Lauderdale, FL,6.7
Freehold Miami,3/15/2022 18:00,Miami, FL,8.1
Evio’s Pizza & Grill,3/14/2022 18:00,Miami Beach, FL,6.8
PizzElla,3/10/2022 18:00,Miami, FL,7.5
Basani's Pizzeria Trattoria,3/9/2022 18:00,Miami, FL,6.4
Contessa,3/8/2022 18:00,Boston, MA,7.6
Picco Pizza & Ice Cream,3/7/2022 18:00,Boston, MA,8.5
Coppa Enoteca,3/4/2022 18:00,Boston, MA,7.9
Cafe Podima,3/3/2022 18:00,Boston, MA,5.2
Sardinia Enoteca Ristorante,3/1/2022 18:00,Miami Beach, FL,6.8
Stanzione 87,2/28/2022 18:00,Miami, FL,7.2
Riverside Market,2/25/2022 18:00,Fort Lauderdale, FL,7.1
The Pizza Spot,2/24/2022 18:00,Fort Lauderdale, FL,7.4
123 Datura Bar & Kitchen,2/23/2022 18:00,West Palm Beach, FL,7.2
Cugino's Italian Deli & Pizz...,2/22/2022 18:00,Las Vegas, NV,6.8
Hot Pie Pizza,2/21/2022 18:00,West Palm Beach, FL,7.5
Editor Ristorante & Pizzeria,2/18/2022 18:00,Miami Beach, FL,8.1
Grafton on Sunset,2/16/2022 18:00,West Hollywood, CA,7.6
Apollonia's Pizzeria,2/15/2022 18:00,Los Angeles, CA,8.2
Big Mama's & Papa's Pizzeria,2/14/2022 18:00,West Hollywood, CA,6.8
Heirloom Pizzeria,2/11/2022 18:00,Los Angeles, CA,7.6
Pizzana - Los Angeles,2/10/2022 18:00,Los Angeles, CA,6.8
Lamonica's NY Pizza,2/9/2022 18:00,Los Angeles, CA,6.6
Old Greg's Pizza,2/7/2022 18:00,Miami, FL,8.2
Pizza Johny's,2/4/2022 18:00,Miami, FL,7.5
La Pizza,2/3/2022 18:00,South Miami, FL,7.2
Gaetano's Pizzeria,2/2/2022 18:00,Miami, FL,7.6
Call Me Gaby,1/31/2022 18:00,Miami Beach, FL,8.3
Danny's Pizza Kitchen,1/28/2022 18:00,Boynton Beach, FL,7.2
Boynton Pizza,1/27/2022 18:00,Boynton Beach, FL,7.4
Fantini's New Haven Style Ap...,1/26/2022 18:00,Stuart, FL,8.1
Mamma Mia's on the Beach,1/25/2022 18:00,Lake Worth, FL,7.6
LOCAL PIE,1/24/2022 18:00,Miami, FL,7.4
Joey's,1/21/2022 18:00,Miami, FL,7.2
Massa Cafe Italiano,1/19/2022 18:00,Elmwood Park, IL,7.4
Michael's Original Pizzeria ...,1/18/2022 18:00,Chicago, IL,7.6
Bongiorno's Italian Deli & P...,1/17/2022 18:00,Chicago, IL,7.1
Tony + Benny's Authentic Bro...,1/16/2022 12:45,East Elmhurst, NY,4.9
Jimmy's Pizza Café,1/14/2022 18:00,Chicago, IL,7.6
Pizzeria Ora - Chicago Style...,1/13/2022 18:00,Chicago, IL,7.3
Low Fidelity,1/12/2022 18:00,Jersey City, NJ,7.3
Joe's Rotisseria,1/11/2022 18:00,Roselle Park, NJ,7.2
Chimney Rock Inn,1/10/2022 18:00,Bound Brook, NJ,7.6
Pizzeria Portofino,1/7/2022 18:00,Chicago, IL,7.1
DeLucia's Brick Oven Pizza,1/6/2022 18:00,Raritan, NJ,9.4
Planet Pizza,1/5/2022 18:00,Orlando, FL,4.8
Michael's Ali Coal Fired Piz...,1/3/2022 18:00,Winter Garden, FL,6.9
PizzeRizzo,12/29/2021 18:00,Kissimmee, FL,7.1
McDonald's,12/28/2021 18:00,Orlando, FL,2.9
Upper Crust Pizza,12/27/2021 18:00,Celebration, FL,6.2
Pizza Bruno,12/23/2021 18:00,Orlando, FL,7.5
99 Cents Village Pizza,12/16/2021 18:00,New York, NY,4.9
Bella Pizza,12/14/2021 18:00,Hasbrouck Heights, NJ,7.7
Natoli's,12/13/2021 18:00,Secaucus, NJ,7.9
Ilforno Pizza & Ristorante,12/10/2021 18:00,Secaucus, NJ,6.8
Pelham Pizza,12/7/2021 18:00,Pelham, NY,7.8
Joe's Fleetwood Pizzeria,12/3/2021 18:00,Mount Vernon, NY,8.1
Dunwoodie Pizzeria & Restaur...,12/2/2021 18:00,Yonkers, NY,8.2
99 Cent Delicious Pizza,11/30/2021 18:00,New York, NY,4.9
Carnegie Pizza,11/29/2021 18:00,New York, NY,7.6
Rocco's Pizzeria,11/26/2021 12:00,Avenel, NJ,7.6
Benny’s Pizza,11/25/2021 18:00,Woodbridge Township, NJ,7.3
Jersey Pizza Boys,11/24/2021 18:00,Woodbridge Township, NJ,8.1
Linwood Inn Taphouse and Piz...,11/22/2021 18:00,Linden, NJ,8.2
Ava’s Kitchen & Bar,11/19/2021 18:00,Kenilworth, NJ,7.7
Amore Pizza,11/16/2021 18:00,Denver, CO,7.2
Imposto's Pizza,11/15/2021 18:00,Hoboken, NJ,6.8
Village Pizza of Rhinebeck,11/12/2021 18:00,Rhinebeck, NY,7.2
Pizzeria Posto,11/10/2021 18:00,Rhinebeck, NY,8.2
Butch's Grillacatessen & Eat...,11/9/2021 18:00,Bloomington, IN,7.2
Rockit's Famous Pizza,11/8/2021 18:00,Bloomington, IN,6.9
Redeemer Pizza,11/5/2021 18:00,Denver, CO,7.8
Marquis Pizza,11/3/2021 18:00,Denver, CO,6.7
Joy Hill,11/2/2021 18:00,Denver, CO,6.7
Marco's Coal Fired-Ballpark,11/1/2021 18:00,Denver, CO,7.2
Famous Original J's Pizza,10/31/2021 18:00,Denver, CO,7.4
Sliceworks,10/28/2021 18:00,Denver, CO,7.2
White Pie,10/27/2021 18:00,Denver, CO,6.2
Blue Pan Pizza,10/26/2021 18:00,Denver, CO,7.9
DaVinci's PIzza,10/25/2021 18:00,Knoxville, TN,6.7
Barley's Taproom & Pizzeria,10/22/2021 18:00,Knoxville, TN,7.2
South Coast Pizza,10/21/2021 18:00,Knoxville, TN,6.6
Pizza Palace,10/20/2021 18:00,Knoxville, TN,5.9
Elidios's Pizza,10/19/2021 18:00,Knoxville, TN,7.5
Uptown Pizzeria,10/18/2021 18:00,Hoboken, NJ,7.6
Torna's Pizzeria,10/14/2021 18:00,Hoboken, NJ,7.4
Hot House Pizza,10/13/2021 18:00,Hoboken, NJ,7.4
Jerusalem Cafe,10/12/2021 18:00,New York, NY,6.8
La Sicilia,10/11/2021 18:00,Belleville, NJ,7.1
Joe's Famous Pizza,10/7/2021 18:00,Vauxhall, NJ,7.9
Turanos pizza kitchen,10/6/2021 18:00,Liv, NJ,8.1
Bruno's Pizza & Restaurant,10/5/2021 18:00,Clifton, NJ,7.3
Mr Z's,10/4/2021 18:00,Key West, FL,7.1
Robert's Pizza and Dough,10/3/2021 18:00,Chicago, IL,7.9
Seaside Cafe at the Mansion,10/1/2021 18:00,Key West, FL,7.4
Da Pizza Dude,9/30/2021 18:00,Chicago, IL,7.2
Phil's Pizza,9/28/2021 18:00,Chicago, IL,7.6
Rosangela's Pizza,9/27/2021 18:00,Evergreen Park, IL,7.5
Lombardo's of Bay Ridge,9/24/2021 18:00,Brooklyn, NY,8.1
Battle Hill Tavern,9/23/2021 18:00,Brooklyn, NY,7.1
Giuseppina's,9/22/2021 18:00,Brooklyn, NY,8.1
Luigi's Pizza,9/21/2021 18:00,Brooklyn, NY,9.3
Baby Luc’s,9/20/2021 18:00,Brooklyn, NY,8.2
Spinelli's Pizzeria,9/17/2021 18:00,New York, NY,6.8
Trattoria Bianca,9/16/2021 18:00,New York, NY,5.8
Marble Room Steaks and Raw B...,9/15/2021 18:00,Cleveland, OH,7.4
Pizza 216,9/14/2021 18:00,Cleveland, OH,7.3
Angelo's Pizza,9/13/2021 18:00,Lakewood, OH,7.1
Buddy's Pizza - Ann Arbor,9/11/2021 15:30,Ann Arbor, MI,7.5
Uncle Oogie's,9/10/2021 18:00,Sea Isle City, NJ,6.9
Pennsylvania 6 NYC,9/9/2021 18:00,New York, NY,6.2
Phil's Famous Pizzeria,9/7/2021 18:00,Sea Isle City, NJ,7.6
Berardi Brothers Pizza,9/3/2021 18:00,Sea Isle City, NJ,7.1
Poppi's Brick Oven Pizza,9/2/2021 18:00,Wildwood, NJ,6.8
Preps Pizzeria,9/1/2021 18:00,Ocean City, NJ,7.1
Steak’em Up,8/31/2021 18:00,North Wildwood, NJ,7.1
Sorrento II Pizzeria & Resta...,8/30/2021 18:00,Wildwood, NJ,5.3
Mama Santa's,8/28/2021 18:00,Cleveland, OH,7.6
Mack's Pizza,8/27/2021 18:00,Wildwood, NJ,6.7
Sam's Pizza Palace,8/26/2021 18:00,North Wildwood, NJ,7.9
The Brook Tap House,8/24/2021 18:00,West Caldwell, NJ,8.2
Max London's Restaurant,8/23/2021 18:00,Saratoga Springs, NY,7.4
Flatbread Social,8/20/2021 18:00,Saratoga Springs, NY,6.9
DeFazio's Pizzeria,8/19/2021 18:00,Troy, NY,8.2
Paesan's Pizza,8/18/2021 18:00,Latham, NY,7.5
Venezia Pizza & Pasta,8/17/2021 18:00,Clifton Park, NY,7.4
Napoli's Pizzeria,8/16/2021 18:00,Malta, NY,7.5
Pizza Time,8/13/2021 18:00,Ballston Spa, NY,6.9
Showfish,8/11/2021 18:00,Montauk, NY,7.2
7-Eleven,8/9/2021 18:00,Montauk, NY,3.8
Sag Pizza,8/5/2021 18:00,Sag Harbor, NY,6.8
D 'Andrea's Pizza,8/4/2021 18:00,Saratoga Springs, NY,7.2
West Avenue Pizzeria,8/3/2021 18:00,Saratoga Springs, NY,7.3
Time Market,7/28/2021 18:00,Tucson, AZ,7.1
No Anchovies,7/27/2021 18:00,Tucson, AZ,7.3
Bazzarelli Restaurant,7/26/2021 18:00,Moonachie, NJ,7.7
Kenny's Castaways,7/23/2021 18:00,Montauk, NY,7.4
Blade + Salt,7/22/2021 18:00,Montauk, NY,7.5
Ruschmeyer's,7/21/2021 18:00,Montauk, NY,7.8
Da Legna x Nolo,7/20/2021 18:00,New Haven, CT,7.4
Abate Apizza & Seafood Resta...,7/19/2021 18:00,North Haven, CT,6.8
Zeneli Pizzeria & Cucina Nap...,7/16/2021 18:00,New Haven, CT,7.2
Il Buco Alimentari & Vineria,7/15/2021 18:00,New York, NY,7.7
Unregular Pizza,7/14/2021 18:00,New York, NY,7.3
Round Swamp Farm,7/13/2021 18:00,Montauk, NY,7.3
Medusa Stone Fired Kitchen,7/12/2021 18:00,Asbury Park, NJ,6.7
Johnny Mac House Of Spirits,7/9/2021 18:00,Asbury Park, NJ,6.6
Talula's,7/8/2021 18:00,Asbury Park, NJ,7.1
Sea Bright Pizza Restaurant,7/7/2021 18:00,Sea Bright, NJ,7.6
Tommy's Tavern and Tap,7/6/2021 18:00,Sea Bright, NJ,7.2
Urban CoalHouse Pizza + Bar,7/2/2021 18:00,Red Bank, NJ,7.7
Grana Pizza Cafe,7/1/2021 18:00,Matawan, NJ,7.7
Brothers Pizzeria,6/30/2021 18:00,East Brunswick, NJ,7.1
Mancini Pizza,6/29/2021 18:00,East Brunswick, NJ,7.9
Maria's Pizza & Subs,6/28/2021 18:00,Milltown, NJ,7.5
Brozinni Pizzeria at Speedwa...,6/24/2021 18:00,Speedway, IN,7.4
Pasquale's Pizza,6/23/2021 18:00,Indianapolis, IN,6.7
Byrne's Grilled Pizza,6/22/2021 18:00,Indianapolis, IN,7.1
Giorgio's Pizza,6/21/2021 18:00,Indianapolis, IN,7.4
DeSano Pizza Bakery,6/18/2021 18:00,Nashville, TN,7.2
Joey's House Of Pizza,6/17/2021 18:00,Nashville, TN,7.7
Five Points Pizza,6/16/2021 18:00,Nashville, TN,7.5
Luigi's Famous Pizza,6/14/2021 18:00,Lincroft, NJ,8.1
Nunzio's Pizzeria,6/11/2021 18:00,Long Branch, NJ,8.6
The Galley Pizza & Eatery,6/10/2021 18:00,Asbury Park, NJ,7.9
Del Ponte's Coal Fired Pizza,6/9/2021 18:00,Bradley Beach, NJ,8.2
Vic's Italian Restaurant,6/8/2021 18:00,Bradley Beach, NJ,8.3
Squan Tavern,6/7/2021 18:00,Manasquan, NJ,7.6
Rosie's Pizza,6/4/2021 18:00,Point Pleasant Beach, NJ,8.5
Three Brothers From Italy,6/3/2021 18:00,Seaside Heights, NJ,4.8
Maruca's Tomato Pies,6/2/2021 18:00,Seaside Heights, NJ,7.5
Nicholas Barrel & Roost,6/1/2021 18:00,Red Bank, NJ,7.3
Noble Roman's Craft Pizza & ...,5/28/2021 18:00,Westfield, IN,5.9
Mother Bear's Pizza Campus,5/26/2021 18:00,Bloomington, IN,6.1
Zoni's Coal Fired Pizza,5/25/2021 18:00,Red Bank, NJ,7.2
Stella 34 Trattoria,5/24/2021 18:00,New York, NY,5.6
The Bread Factory Cafe,5/21/2021 18:00,New York, NY,7.1
Lazzaro Bowls,5/20/2021 18:00,New York, NY,2.9
Inatteso Pizzabar,5/19/2021 18:00,New York, NY,7.3
Benvenuti Pizzeria,5/18/2021 18:00,New York, NY,5.9
Michael's Pastaria & Deli,5/17/2021 18:00,Nutley, NJ,7.6
Amore Pizza by jack calandra,5/14/2021 18:00,Nutley, NJ,7.9
The Pizza Terminal & Restaur...,5/13/2021 18:00,Verona, NJ,7.8
Taormina Pizzeria,5/12/2021 18:00,Paterson, NJ,7.4
Patsy's Tavern & Restaurant,5/11/2021 18:00,Paterson, NJ,8.2
Tavolino Pizzeria,5/10/2021 18:00,Wallington, NJ,7.5
Spacca Napoli,5/7/2021 18:00,Chicago, IL,7.1
Panera Bread,5/6/2021 18:00,New York, NY,6.1
Sauce & Barrel,5/5/2021 18:00,New York, NY,7.3
Siena Pizza & Cannoli,5/4/2021 18:00,New York, NY,6.4
Collins Pizza,5/3/2021 18:00,Miami Beach, FL,7.2
Pizza Pazza,4/30/2021 18:00,Miami, FL,7.3
Eleventh Street Pizza - Down...,4/29/2021 18:00,Miami, FL,8.2
Lowbrow Pizza & Beer,4/27/2021 18:00,Naples, FL,7.1
Industry Pizza & Slice Shop,4/26/2021 18:00,Naples, FL,7.7
Grandpa's Pizza,4/23/2021 18:00,Bonita Springs, FL,7.8
Frankie’s Pizza,4/21/2021 18:00,Miami, FL,7.4
The Big Cheese Of Miami,4/20/2021 18:00,Miami, FL,6.9
Cafe La Buca,4/16/2021 18:00,Pompano Beach, FL,7.2
Zuccarelli,4/15/2021 18:00,Pompano Beach, FL,6.7
Little Italian Pizza,4/13/2021 18:00,Pompano Beach, FL,7.3
Banchero,4/12/2021 18:00,Miami Beach, FL,6.8
Nonni's Pizza,4/9/2021 18:00,Miami Beach, FL,6.7
Prince Street Pizza,4/8/2021 18:00,West Hollywood, CA,7.5
Prime Pizza,4/7/2021 18:00,Los Angeles, CA,8.1
L'Antica Pizzeria Da Michele,4/6/2021 18:00,Los Angeles, CA,6.8
Delicious Pizza,4/5/2021 18:00,Los Angeles, CA,6.7
Big Louie's,4/1/2021 18:00,Pompano Beach, FL,7.1
PIZZANISTA! DTLA,4/1/2021 18:00,Los Angeles, CA,7.1
Bonci,4/1/2021 18:00,Chicago, IL,7.4
Big Louie's,4/1/2021 18:00,Pompano Beach, FL,7.1
Aurelio's Pizza,4/1/2021 18:00,Homewood, IL,6.8
Zazzy's Pizza,3/31/2021 18:00,New York, NY,7.8
Pat's Pizza and Ristorante,3/30/2021 18:00,Chicago, IL,7.8
Arthur Avenue Wood Fired Piz...,3/29/2021 18:00,Pleasantville, NY,7.6
Venice Pizza & Trattoria,3/26/2021 18:00,White Plains, NY,7.3
Villaggio Italiano Restauran...,3/25/2021 18:00,Hartsdale, NY,7.4
Avellino Pizza & Pasta,3/24/2021 18:00,Hartsdale, NY,7.5
Raceway Pizzeria & Hero's,3/23/2021 18:00,Yonkers, NY,7.4
Vito & Nick's Pizzeria,3/22/2021 18:00,Chicago, IL,8.1
Bar Cargo,3/19/2021 18:00,Chicago, IL,7.6
Coalfire Pizza,3/18/2021 18:00,Chicago, IL,7.4
Barnaby's of Northbrook,3/17/2021 18:00,Northbrook, IL,7.8
Salerno's Pizza of Chicago,3/16/2021 18:00,Chicago, IL,7.1
Chicago Pizza And Oven Grind...,3/15/2021 18:00,Chicago, IL,7.1
The Art of Pizza,3/12/2021 18:00,Chicago, IL,7.6
Craft Pizza,3/11/2021 18:00,Chicago, IL,7.7
Piece Brewery and Pizzeria,3/10/2021 18:00,Chicago, IL,7.1
Harry's Pizzeria - Design Di...,3/9/2021 18:00,Miami, FL,7.1
Pizza Rustica,3/8/2021 18:00,Miami Beach, FL,6.8
Pizzette,3/5/2021 18:00,Miami Beach, FL,7.9
Amarone,3/4/2021 18:00,Aventura, FL,7.5
Outta Hand Pizza,3/3/2021 18:00,Westfield, NJ,7.2
Capri Pizza,3/2/2021 18:00,Kenilworth, NJ,7.2
Three Guys From Italy,3/1/2021 18:00,Kenilworth, NJ,7.4
Brooklyn Pizza,2/26/2021 18:00,Short Hills, NJ,7.9
Artie's,2/25/2021 18:00,Maplewood, NJ,7.4
Reservoir Restaurant,2/24/2021 18:00,South Orange, NJ,7.6
Frank's Pizzeria,2/23/2021 18:00,Newark, NJ,6.8
Miami's Best Pizza,2/22/2021 18:00,Coral Gables, FL,6.6
Terre Del Sapore,2/19/2021 18:00,Coral Gables, FL,7.3
Leo's Pizza,2/18/2021 18:00,Miami, FL,6.7
Apizza Brooklyn,2/17/2021 18:00,Miami, FL,7.4
Pucci's Pizza,2/16/2021 18:00,Miami, FL,6.7
New York Pizza & Restaurant,2/15/2021 18:00,Miami, FL,6.7
Ottava Via,2/12/2021 18:00,Detroit, MI,6.8
Pie Sci,2/11/2021 18:00,Detroit, MI,7.2
Crispelli's Bakery & Pizzeri...,2/10/2021 18:00,Berkley, MI,7.3
Fredi The PizzaMan,2/8/2021 18:00,Melvindale, MI,8.7
Alibi,2/7/2021 15:00,Troy, MI,6.9
Detroit Style Pizza Company,2/5/2021 18:00,Saint Clair Shores, MI,8.1
Green Lantern Pizza,2/4/2021 18:00,Madison Heights, MI,6.2
Joe's Pizza,2/3/2021 18:00,Ann Arbor, MI,7.7
NeoPapalis,2/2/2021 18:00,Ann Arbor, MI,7.3
Cloverleaf Bar & Restaurant,2/1/2021 18:00,Eastpointe, MI,7.5
Bell's Greek Pizza,1/29/2021 18:00,East Lansing, MI,6.9
Georgio's Pizza,1/28/2021 18:00,East Lansing, MI,6.8
Detroit Frankie's Wood Fired...,1/27/2021 18:00,Lansing, MI,7.5
Deluca's Restaurant,1/26/2021 18:00,Lansing, MI,7.3
Tomatoes Apizza,1/25/2021 18:00,Farmington Hills, MI,7.8
Mootz Pizzeria + Bar,1/22/2021 18:00,Detroit, MI,7.1
Niki's Pizza,1/21/2021 18:00,Detroit, MI,7.3
Supino Pizzeria,1/20/2021 18:00,Detroit, MI,7.5
Piazza Di Pizza,1/19/2021 18:00,Moonachie, NJ,6.8
Café Villa,1/18/2021 18:00,Chatham, NJ,7.1
Calabria Restaurant & Pizzer...,1/15/2021 18:00,Livingston, NJ,8.9
Buon Pane Italiano Bakery,1/14/2021 18:00,Miami Beach, FL,6.9
Fratelli La Bufala,1/13/2021 18:00,Miami Beach, FL,6.8
Pizza De Miami,1/12/2021 18:00,Miami Beach, FL,4.2
Giotto Maestro Della Pizza,1/11/2021 18:00,Miami Beach, FL,7.8
Nino's Restaurant & Pizzeria,1/8/2021 18:00,Lodi, NJ,6.8
Lodi Pizza Restaurant,1/7/2021 18:00,Lodi, NJ,7.8
Santoni's Ristorante & Pizze...,1/6/2021 18:00,Garfield, NJ,7.3
Barcelona's Restaurant & Bar,1/4/2021 18:00,Garfield, NJ,7.4
Ferazzoli's Italian Kitchen,12/30/2020 18:00,Rutherford, NJ,7.4
Sac's Place,12/29/2020 18:00,Astoria, NY,7.5
Marabella Pizza,12/28/2020 18:00,Sunnyside, NY,7.8
Roma Pizzeria,12/24/2020 18:00,North Bergen, NJ,7.9
Josie's Pizzeria Catering & ...,12/23/2020 18:00,Lyndhurst, NJ,7.6
Ninos Aq,12/22/2020 18:00,Astoria, NY,6.8
Trattoria L'incontro,12/21/2020 18:00,Astoria, NY,8.4
Aumm Aumm Pizzeria & Wine Ba...,12/18/2020 18:00,North Bergen, NJ,6.9
Perfect Pizza,12/17/2020 18:00,North Bergen, NJ,8.5
Tony Novante's Pizzeria & Wi...,12/16/2020 18:00,Union City, NJ,6.8
Trattoria Napoli,12/15/2020 18:00,Union City, NJ,6.7
Death by Pizza,12/11/2020 18:00,New York, NY,7.4
Pasta by Hudson,12/10/2020 18:00,New York, NY,6.8
Renato's Pizza Masters,12/9/2020 18:00,Jersey City, NJ,8.1
Palermo's Cafe & Bakery,12/7/2020 18:00,Little Ferry, NJ,7.4
Lido Restaurant,12/4/2020 18:00,Hackensack, NJ,8.1
Brooklyn's Brick Oven Pizzer...,12/3/2020 18:00,Hackensack, NJ,7.9
Curioni's,12/2/2020 18:00,Lodi, NJ,7.7
Urban Tomato,12/1/2020 18:00,Palisades Park, NJ,8.1
Napoli Wood Fired Pizza & Ba...,11/30/2020 18:00,Cliffside Park, NJ,7.8
Trattoria La Sorrentina,11/27/2020 12:00,North Bergen, NJ,7.5
Cesare's Ristorante,11/25/2020 18:00,Bristol, PA,8.1
Tony & Joe's Pizzeria,11/24/2020 18:00,Conshohocken, PA,7.3
Campus Corner Pizza,11/23/2020 18:00,Villanova, PA,6.9
Randazzo's Pizzeria,11/19/2020 18:00,Philadelphia, PA,7.4
Philly Style Pizza and Grill...,11/18/2020 18:00,Philadelphia, PA,6.8
Amici Vicinato,11/17/2020 18:00,Lafayette Hill, PA,6.6
Café Carmela,11/16/2020 18:00,Philadelphia, PA,7.3
Charlie's Pizzeria,11/12/2020 18:00,Philadelphia, PA,7.6
Franzone's Pizzeria & Restau...,11/11/2020 18:00,Philadelphia, PA,7.4
"Maxi's Pizza, Subs and Bar",11/10/2020 18:00,Philadelphia, PA,7.1
Pizzata Pizzeria,11/9/2020 18:00,Philadelphia, PA,8.1
Goodfellas Pizzeria - Distil...,11/6/2020 18:00,Lexington, KY,7.7
Tony's Famous Tomato Pie,11/4/2020 18:00,Philadelphia, PA,7.3
Montesini Pizza,11/3/2020 18:00,Philadelphia, PA,7.4
Gaetano's Pizzeria,10/30/2020 18:00,Clifton Heights, PA,7.8
Imperial Pizza,10/28/2020 18:00,Secane, PA,6.9
Sam’s Boardwalk Style Pizza ...,10/27/2020 18:00,Havertown, PA,7.3
Pica's Restaurant of Upper D...,10/26/2020 18:00,Upper Darby, PA,7.8
Anthony's Pizza VI,10/23/2020 19:00,Charles Town, WV,4.2
Brother's Pizzeria and Itali...,10/23/2020 16:35,Charles Town, WV,5.8
Circles + Squares,10/22/2020 18:00,Philadelphia, PA,8.2
In Riva,10/19/2020 18:00,Philadelphia, PA,6.7
Allegro Pizza,10/15/2020 18:00,Philadelphia, PA,6.6
Pizza Jawn,10/14/2020 18:00,Philadelphia, PA,8.1
Joe's Pizza,10/13/2020 18:00,West Hollywood, CA,7.6
Conte’s Pizza and Bar,10/12/2020 18:00,Princeton, NJ,8.9
Explorer's Den Steaks and Ho...,10/9/2020 18:00,Philadelphia, PA,6.1
LaScala's Pronto,10/8/2020 18:00,Philadelphia, PA,6.1
Wood Street Pizza,10/7/2020 18:00,Philadelphia, PA,8.1
Pietro's Coal Oven Pizzeria,10/6/2020 18:00,Philadelphia, PA,7.4
Zio's Brick Oven Pizzeria,10/5/2020 18:00,Philadelphia, PA,6.8
Botanica Bar,10/2/2020 18:00,New York, NY,7.8
Enjay's Pizza,10/1/2020 18:00,Philadelphia, PA,6.8
Giovani's Bar & Grill,9/30/2020 18:00,Philadelphia, PA,7.4
Axis Pizza,9/29/2020 18:00,Philadelphia, PA,6.2
Mineo's Pizza House,9/28/2020 18:00,Pittsburgh, PA,7.1
Aiello's Pizza,9/25/2020 18:00,Pittsburgh, PA,6.1
Benny Fierro's,9/23/2020 18:00,Pittsburgh, PA,6.4
Gennaro's Pizza,9/22/2020 18:00,Pittsburgh, PA,6.7
Pizzeria Stella,9/21/2020 18:00,Philadelphia, PA,7.1
"Angelino's Restaurant, Fairm...",9/18/2020 18:00,Philadelphia, PA,7.9
Fiori's Pizzaria,9/17/2020 18:00,Pittsburgh, PA,7.8
Beto's Pizza,9/16/2020 18:00,Pittsburgh, PA,7.2
Juliano's Restaurant & Pizze...,9/15/2020 18:00,Robinson Twp., PA,7.5
Soho 99 Cents,9/14/2020 18:00,New York, NY,5.4
BarDough,9/11/2020 18:00,New York, NY,7.1
Moustache,9/9/2020 18:00,New York, NY,7.4
Primavera Pizza,9/8/2020 18:00,Montauk, NY,7.6
Pizza Collective,9/4/2020 18:00,New York, NY,7.6
Pop's Pizzas,9/3/2020 18:00,New York, NY,7.5
La Capannina,9/2/2020 18:00,Wainscott, NY,7.6
Sam's Restaurant,9/1/2020 18:00,East Hampton, NY,7.8
Villa Milano,8/26/2020 18:00,Manhasset, NY,7.1
Salvatore's Coal Oven Pizzer...,8/25/2020 18:00,Port Washington, NY,7.6
Pennachio's,8/24/2020 18:00,Manorville, NY,7.5
P&G Pizza and Deli,8/21/2020 18:00,Southampton, NY,7.1
Cittanuova,8/20/2020 18:08,East Hampton, NY,6.7
Fierro's Pizza,8/19/2020 18:00,East Hampton, NY,7.4
Springs Pizza,8/18/2020 18:00,East Hampton, NY,5.8
Pepperoni's,8/17/2020 18:00,East Hampton, NY,6.7
Astro's Pizza,8/13/2020 18:00,Amagansett, NY,6.8
Dive Bar Pizza,8/12/2020 18:00,Amagansett, NY,8.4
Pizza Village,8/11/2020 18:00,Montauk, NY,7.3
Sausages Pizza & Pastabiliti...,8/10/2020 18:00,Montauk, NY,6.1
Moby's,8/8/2020 16:45,East Hampton, NY,7.9
Colombo's Cafe & Pastries,8/6/2020 18:00,Hyannis, MA,7.4
Craigville Pizza & Mexican,8/5/2020 18:00,Centerville, MA,5.9
Jack's Pizza Hyannis,8/4/2020 18:00,Hyannis, MA,5.8
Main Street Pizza,8/3/2020 18:00,Farmingdale, NY,7.1
B & B Pizza,7/30/2020 18:00,Hyannis, MA,6.1
New England Pizza House No 1,7/29/2020 18:00,Hyannis, MA,7.2
Torino Restaurant and Bar,7/28/2020 18:00,Hyannis, MA,6.3
Pizza Barbone,7/27/2020 18:00,Hyannis, MA,6.8
Palio Pizzeria,7/23/2020 18:00,Hyannis, MA,6.3
British Beer Company,7/22/2020 18:00,Hyannis, MA,6.8
Crust,7/16/2020 18:00,Cleveland, OH,6.7
Edison's Pizza Kitchen,7/15/2020 18:00,Cleveland, OH,5.1
Vincenza's Pizza & Pasta,7/14/2020 18:00,Cleveland, OH,7.6
Il Rione,7/13/2020 18:00,Cleveland, OH,7.7
Columbia Inn,7/10/2020 18:00,Montville, NJ,8.7
Vince the Pizza Prince,7/9/2020 18:00,Scranton, PA,7.5
Foggy Nantucket,7/8/2020 18:00,Nantucket, MA,6.8
Alfredo's Pizza Cafe,7/7/2020 18:00,Scranton, PA,7.4
Maroni's Pizza St. Ann Stree...,7/6/2020 18:00,Scranton, PA,7.5
Sabatini's Pizza Inc,7/3/2020 18:00,Exeter, PA,7.9
Gerry's Pizzeria,7/2/2020 18:00,Wilkes Barre, PA,8.1
Shelley's Pizza,7/1/2020 18:00,Wilkes Barre, PA,7.3
Angelo's Pizza,6/30/2020 18:00,Wilkes Barre, PA,8.1
M & S Pizza II,6/29/2020 18:00,Rockaway Township, NJ,6.9
Vinnie's Pizzeria & Ristoran...,6/26/2020 18:00,Boonton, NJ,6.8
Pasquale's Restaurant and Pi...,6/25/2020 18:00,Boonton, NJ,6.5
Reservoir Tavern,6/24/2020 18:00,Boonton, NJ,7.6
Millie's Old World Meatballs...,6/23/2020 18:00,Morristown, NJ,6.7
Renzo's Cafe Pizzeria,6/22/2020 18:00,Boca Raton, FL,7.5
Nonna's,6/21/2020 12:00,Florham Park, NJ,7.7
Brooklyn Boys Pizza & Pasta,6/19/2020 18:00,Boca Raton, FL,6.8
Pizza District,6/18/2020 18:00,Boca Raton, FL,7.6
Tomasso's Pizza and Subs,6/17/2020 18:00,Boca Raton, FL,7.3
Sicilian Oven,6/16/2020 18:00,Boca Raton, FL,7.9
Nick's New Haven Style Pizze...,6/15/2020 18:00,Boca Raton, FL,7.7
Sazio,6/11/2020 18:00,Delray Beach, FL,6.6
Heritage,6/10/2020 18:00,Fort Lauderdale, FL,8.1
Conte's Pizza,6/9/2020 18:00,Delray Beach, FL,7.2
Nick's Pizza,6/8/2020 18:00,Deerfield Beach, FL,7.1
Pizza Time,6/5/2020 18:00,Boca Raton, FL,7.4
Pizzacraft Artisan Pizzeria,6/4/2020 18:00,Fort Lauderdale, FL,8.1
Tucci's Pizza,6/3/2020 18:00,Boca Raton, FL,8.1
Franco & Vinny's,6/1/2020 18:00,Fort Lauderdale, FL,6.7
Primanti Bros,5/28/2020 18:00,Fort Lauderdale, FL,5.3
Luigi's Coal Oven Pizza,5/27/2020 18:00,Fort Lauderdale, FL,7.8
Pizza Time Restaurant,3/18/2020 18:02,Avenel, NJ,6.8
Nancy's Towne House,3/17/2020 18:00,Rahway, NJ,8.8
Frankie Feds,3/16/2020 18:00,Freehold, NJ,6.8
Romeo's Raintree Pizzeria,3/13/2020 18:00,Freehold, NJ,7.4
Dusal's Italian Restaurant,3/12/2020 18:00,Freehold, NJ,7.2
Federici's Family Restaurant,3/11/2020 18:00,Freehold, NJ,8.8
Margari Pizza,3/10/2020 18:00,New York, NY,6.3
Joe & Pat's Pizzeria,3/9/2020 18:00,Staten Island, NY,8.6
Round Pie Pizza Company,3/6/2020 18:00,Staten Island, NY,7.8
Pizzeria Giove,3/5/2020 18:00,Staten Island, NY,8.1
Frank & Danny's Pizzeria,3/4/2020 18:00,New York, NY,7.6
Villa Monte Restaurant,3/3/2020 18:00,Staten Island, NY,6.7
T's Wine Bar And Kitchen,3/2/2020 18:00,Stamford, CT,5.9
Belltown Pizza,2/28/2020 18:00,Stamford, CT,6.9
Hope Pizza Restaurant,2/27/2020 18:00,Stamford, CT,6.5
Remo's,2/26/2020 18:05,Stamford, CT,7.4
Fresco By Scotto,2/25/2020 18:00,New York, NY,7.9
Pizza Brain,2/24/2020 18:00,Philadelphia, PA,6.8
Sir Pizza,2/21/2020 18:00,Key Biscayne, FL,7.2
Strong's Brick Oven Pizzeria,2/20/2020 18:00,Lawrenceburg, IN,6.7
PizzaPapalis of Greektown,2/19/2020 18:00,Detroit, MI,7.6
Giuseppe's Steel City Pizza,2/17/2020 18:00,Port Orange, FL,7.3
Pete's Pizza,2/16/2020 12:00,Daytona Beach, FL,7.6
Brooklyn Square Pizza,2/13/2020 18:00,Jackson Township, NJ,8.9
Pete & Elda's Bar / Carmen's...,2/12/2020 18:00,Neptune City, NJ,8.1
Amano Pizza,2/11/2020 18:00,South Amboy, NJ,7.9
Napoli Pizza & Pasta,2/10/2020 18:00,Astoria, NY,7.5
Grand Avenue Pizza,2/7/2020 18:00,Astoria, NY,7.9
Rose & Joe's Italian Bakery,2/6/2020 18:00,Astoria, NY,6.8
Rosario's,2/5/2020 18:00,Astoria, NY,7.7
Spris,2/4/2020 18:00,Miami Beach, FL,6.3
Grafa Pizza,2/3/2020 18:00,Miami Beach, FL,7.1
Pizza Tropical,1/31/2020 18:00,Miami, FL,7.3
Mom's New York Pizza,1/30/2020 18:00,Miami Beach, FL,4.3
La Leggenda Pizzeria,1/29/2020 18:00,Miami Beach, FL,7.2
Piola - Miami South Beach,1/28/2020 18:00,Miami Beach, FL,6.1
Blocks Pizza Deli,1/27/2020 18:00,Miami Beach, FL,8
Hi-Class Pizza,1/24/2020 18:00,Bellerose, NY,7.4
Vaccaro's Pizza,1/23/2020 18:00,Floral Park, NY,7.8
Village Pizzeria,1/22/2020 18:00,Floral Park, NY,6.7
Eddie's Pizza,1/21/2020 18:00,New Hyde Park, NY,7.8
Square Pizza,1/20/2020 18:00,New York, NY,6.5
Giovanni's Pizzeria & Restau...,1/17/2020 18:00,Hoboken, NJ,6.7
Tenth Street Pasta & Pizza,1/16/2020 18:00,Hoboken, NJ,8.6
The Brick Fire Baked Pizza,1/15/2020 18:00,Hoboken, NJ,7.3
Campania Coal Fired Pizza,1/14/2020 18:00,Brooklyn, NY,7.3
Norm's Pizza,1/13/2020 18:00,Brooklyn, NY,7.6
Grandma's Original Pizza,1/10/2020 18:00,Brooklyn, NY,7.2
Krispy Pizza,1/9/2020 18:00,Brooklyn, NY,7.8
Gino's Restaurant,1/8/2020 18:00,Brooklyn, NY,7.6
Elegante Pizzeria,1/7/2020 18:00,Brooklyn, NY,7.4
Hell’s Kitchen Pizza,1/6/2020 18:00,New York, NY,1.9
Casola's Pizzeria & Sub Shop,1/3/2020 18:00,Miami, FL,6.3
Anthony's,1/2/2020 18:00,Watertown, CT,6.9
Lenny's Pizza,12/30/2019 18:00,Miami Beach, FL,6.1
Fino Wood Fired Pizza & Bar,12/27/2019 18:00,Watertown, CT,6.7
Vinny's Restaurant & Pizzeri...,12/26/2019 18:00,Naugatuck, CT,6.8
Mike's Pizza Palace,12/25/2019 18:00,Naugatuck, CT,6.6
John's Pizza Restaurant,12/24/2019 18:00,Naugatuck, CT,7.2
Vincenzo's Pizzeria,12/23/2019 18:00,Waterbury, CT,7.5
Domenick & Pia Pizzeria,12/20/2019 18:00,Waterbury, CT,8.1
Jet's Pizza,12/19/2019 18:00,New York, NY,7.4
Salt & Pepper,12/18/2019 18:00,New York, NY,4.8
Little Italy Pizza,12/17/2019 18:00,New York, NY,6.1
Square Pizza & Chicken,12/16/2019 18:00,New York, NY,2.2
John's Pizzeria,12/13/2019 19:25,Jersey City, NJ,7.6
Porta,12/12/2019 18:00,Jersey City, NJ,7.1
Razza,12/11/2019 18:00,Jersey City, NJ,8.1
DC Pie,12/10/2019 18:00,Miami, FL,7.1
Andiamo,12/9/2019 18:00,Miami, FL,6.8
Pizza Bar Collins Ave,12/7/2019 17:00,Miami Beach, FL,6.1
Pizza Tree,12/6/2019 18:00,Columbia, MO,6.6
Shakespeare's Pizza - Downto...,12/5/2019 18:00,Columbia, MO,6.7
Flavors of Italy Bistro,12/4/2019 18:00,New York, NY,5.4
Tommy's Pizza,12/3/2019 18:00,Providence, RI,7.2
Providence Coal Fired Pizza,12/2/2019 18:00,Providence, RI,7.4
Tony D's Pizza,11/29/2019 18:00,Caldwell, NJ,7.9
Al Forno Restaurant,11/27/2019 18:00,Providence, RI,7.2
Angeloni's Restaurant & Pizz...,11/27/2019 18:00,Caldwell, NJ,8.8
Fellini Pizzeria,11/26/2019 18:00,Providence, RI,7.1
Federal Hill Pizza Providenc...,11/25/2019 18:00,Providence, RI,6.7
Antonio's Pizza,11/22/2019 18:00,Providence, RI,5.9
Caserta Pizzeria,11/21/2019 18:00,Providence, RI,7.4
Dough by Licastri,11/20/2019 18:00,Staten Island, NY,7.4
Nunzio's Pizzeria & Restaura...,11/19/2019 18:00,Staten Island, NY,7.9
Lincoln Financial Field,11/18/2019 18:00,Philadelphia, PA,1.2
De Lorenzo's Tomato Pies,11/15/2019 18:00,Robbinsville, NJ,9.2
Papa's Tomato Pies,11/14/2019 18:00,Robbinsville, NJ,8.6
Vino’s Pizza,11/13/2019 18:00,Lafayette Hill, PA,7.4
Angelo's Pizzeria,11/12/2019 18:00,Philadelphia, PA,9.1
7-Eleven,11/7/2019 18:00,New York, NY,0
Feroce Ristorante,11/6/2019 18:00,New York, NY,7.1
Mangia - Flatiron,11/5/2019 18:00,New York, NY,5.2
Fortina - Brooklyn,11/4/2019 18:11,Brooklyn, NY,6.2
Union St Pizza,10/31/2019 18:00,Brooklyn, NY,6.6
Old Fashioned Pizza,10/30/2019 18:00,New York, NY,6.3
L'Arte Della Pizza Brooklyn,10/29/2019 18:00,Brooklyn, NY,8.1
Lo Duca Pizza,10/28/2019 18:00,Brooklyn, NY,8.1
Pizza Time,10/25/2019 18:00,Brooklyn, NY,8.2
Rivington Pizza,10/24/2019 18:10,New York, NY,6.5
Milk Bar,10/23/2019 18:00,New York, NY,1.2
Faccia Luna Pizzeria,10/22/2019 18:00,State College, PA,6.7
Canyon Pizza,10/21/2019 18:00,State College, PA,2.8
Justin's Pizza,10/18/2019 18:00,Bronx, NY,5.9
Eleven B,10/17/2019 18:00,New York, NY,7.2
Via Trenta Pizzoteca,10/16/2019 18:00,New York, NY,6.7
Davenport's Pizza Palace,10/15/2019 18:00,Mountain Brook, AL,6.7
Post Office Pies,10/14/2019 18:00,Birmingham, AL,7.1
Via Roma Pizza Bar,10/11/2019 18:00,Brooklyn, NY,7.9
F & F Pizzeria,10/10/2019 18:00,Brooklyn, NY,8.7
Peppebroni's Pizza - Morgant...,10/9/2019 18:00,Morgantown, WV,6.7
La Nova Pizzeria,10/8/2019 18:00,Buffalo, NY,7.3
Picasso's Pizza,10/7/2019 18:00,Buffalo, NY,7
Bocce Club Pizza,10/4/2019 18:00,Amherst, NY,7.5
Ian’s Pizza Madison | France...,10/3/2019 18:00,Madison, WI,6.1
Salvatore's Tomato Pies,10/2/2019 18:00,Madison, WI,7.4
Trenta Tre Pizzeria,10/1/2019 18:00,New York, NY,4.8
Red Pinto Tailgate Party,9/30/2019 18:00,Orchard Park, NY,7.6
Pizza Di Roma,9/27/2019 18:00,Madison, WI,6.2
Nolita Pizza,9/26/2019 18:00,New York, NY,7.4
Paisan's,9/25/2019 18:00,Madison, WI,5.7
Sauce,9/24/2019 18:00,New York, NY,8.3
Pizza Brutta,9/23/2019 18:00,Madison, WI,6.8
Lucille,9/20/2019 18:00,Madison, WI,7.4
Vito's Slices and Ices,9/19/2019 18:00,New York, NY,7.4
Pizza Hut,9/18/2019 18:00,North Bergen, NJ,3.8
Las Vegas Motor Speedway,9/16/2019 18:00,Las Vegas, NV,5.3
Marinara Pizza,9/12/2019 18:00,New York, NY,7.4
Hard Knox Pizzeria,9/11/2019 18:00,Knoxville, TN,6.8
Prova PizzaBar,9/10/2019 18:00,New York, NY,6.9
Manero's of Mulberry,9/9/2019 18:00,New York, NY,7.2
Todaro Pizza,9/6/2019 22:30,Clemson, SC,7.1
Scratch Brick Oven,9/6/2019 18:00,Johnson City, TN,7.5
Casa Barilla,9/5/2019 18:00,New York, NY,6.2
Emilio's of Morris Park,9/4/2019 18:00,Bronx, NY,7.3
Tommy's Pizza,9/3/2019 18:00,Bronx, NY,8.6
IL Brigante,9/2/2019 18:00,New York, NY,7.1
Brenz Pizza Co.,8/30/2019 18:00,Knoxville, TN,6.5
Claudio Pizzeria,8/29/2019 18:00,New York, NY,6.8
Sorrento's,8/28/2019 18:00,Long Beach, NY,8.7
Mary Lou's Pizza,8/27/2019 18:00,Old Forge, PA,7.3
Gino's Long Beach,8/26/2019 18:00,Long Beach, NY,7.9
Ribalta Mo',8/23/2019 18:00,New York, NY,6.6
Salerno's Cafe,8/22/2019 18:00,Old Forge, PA,7.1
Cafe Rinaldi,8/21/2019 18:00,Old Forge, PA,7.6
Cusumano,8/20/2019 18:00,Old Forge, PA,7.6
Boomershine Pizzeria,8/17/2019 12:00,Bluff City, TN,6.5
Arcaro & Genell,8/16/2019 18:00,Old Forge, PA,7.5
Revello's Pizza,8/15/2019 18:00,Old Forge, PA,7.4
Mezze,8/14/2019 18:00,Forest Hills, NY,6.8
Nick's Pizza - Forest Hills,8/13/2019 18:00,Forest Hills, NY,8.4
Red Front Pizza,8/12/2019 18:00,Clifton Park, NY,7.5
Sbarro,8/9/2019 18:00,New York, NY,3.2
La Manda's Restaurant,8/8/2019 18:00,White Plains, NY,5.9
NYC Pizza,8/7/2019 18:00,New York, NY,5.9
Villa Pizza,8/6/2019 18:00,New York, NY,7.1
Time Square Dollar Pizza,8/5/2019 18:00,New York, NY,4.9
Nonna's Pizza,8/2/2019 18:00,White Plains, NY,7.8
Pizza 7,8/1/2019 18:00,Saratoga Springs, NY,6.8
Lombardo's,7/31/2019 18:00,White Plains, NY,7.4
Michael's Famous Pan Pizza &...,7/30/2019 18:00,Port Chester, NY,7.7
Glenville Pizza,7/29/2019 18:00,Greenwich, CT,6.9
Poppy Pizza,7/25/2019 18:00,Mashpee, MA,3.8
Shangri-La Kitchen,7/23/2019 18:00,Nantucket, MA,3.8
Pizzeria Beddia,7/22/2019 18:00,Philadelphia, PA,7.4
Dragon By The Sea,7/19/2019 18:00,Nantucket, MA,6.7
Vince's Pizzeria,7/18/2019 18:00,Philadelphia, PA,7.9
Pizza Shackamaxon,7/17/2019 18:00,Philadelphia, PA,7.9
Tacconelli's Pizzeria,7/16/2019 18:00,Philadelphia, PA,8.1
Sam's,7/15/2019 18:00,Brooklyn, NY,7.4
House of Pizza & Calzones,7/12/2019 18:00,Brooklyn, NY,7.3
Cumberland Farms,7/11/2019 18:00,Nantucket, MA,0.1
Table 87 - Brooklyn Heights,7/10/2019 18:00,Brooklyn, NY,7.7
Krave It Pizza & Sandwich Jo...,7/9/2019 18:00,Bayside, NY,6.8
VIPizza,7/8/2019 18:00,Bayside, NY,7.2
Pizza Garden,7/5/2019 18:00,Flushing, NY,7.4
Pizza Chef,7/3/2019 18:00,Whitestone, NY,4.2
Freddy's Pizzeria,7/2/2019 18:00,Whitestone, NY,7.3
Cascarino's Brick Oven Pizze...,7/1/2019 18:00,Whitestone, NY,6.8
Sunnyside Pizza,6/28/2019 18:00,Sunnyside, NY,5.4
Amore Pizzeria,6/27/2019 18:00,Flushing, NY,8.1
Lucia Pizza,6/26/2019 18:00,Flushing, NY,7.2
Mama Mia 44 SW,6/25/2019 18:00,New York, NY,4.9
City Pizza,6/24/2019 18:00,New York, NY,7.1
Peperino,6/21/2019 12:00,New York, NY,7.8
Rosa's Pizza,6/20/2019 18:25,Maspeth, NY,7.4
Ascot Racecourse,6/19/2019 12:00,Bracknell Forest, WNM,4.1
Ciro's Pizza Pomodoro,6/18/2019 18:00,London, XGL,2.1
Grand Apizza Shoreline,6/17/2019 18:00,Clinton, CT,8.2
Resca,6/14/2019 18:00,New York, NY,7.4
Nino’s Pizza & Subs,6/13/2019 18:00,Boston, MA,7.3
Haymarket Pizza,6/12/2019 18:00,Boston, MA,7.7
Sotto 13,6/11/2019 18:00,New York, NY,6.9
Faraci Pizza,6/10/2019 18:00,Ballwin, MO,5.9
Dewey's Pizza,6/7/2019 18:00,University City, MO,6.6
Pat's Pizza,6/6/2019 18:00,Dorchester Center, MA,7.8
La Pizza,6/5/2019 18:00,University City, MO,7.2
Pi Pizzeria - Delmar Loop,6/4/2019 18:00,Saint Louis, MO,5.8
Imo's Pizza,6/3/2019 18:00,Saint Louis, MO,6.2
Whole Foods Market,5/31/2019 18:00,New York, NY,6.1
Rosella's Pizzeria,5/30/2019 18:00,New York, NY,6.2
Union Park Pizza,5/29/2019 18:00,Boston, MA,7.4
Pino's Pizza,5/28/2019 18:00,Brighton, MA,8.8
Figs by Todd English,5/27/2019 18:00,Boston, MA,7.4
Artichoke Basille's Pizza,5/24/2019 18:00,New York, NY,7.8
Healthy Choice Gourmet Deli ...,5/23/2019 18:00,New York, NY,5.9
Rocky's Pizza Bar and Restau...,5/22/2019 18:00,New York, NY,6.4
Manco & Manco Pizza,5/21/2019 18:00,Ocean City, NJ,7.3
Tony's Baltimore Grill,5/20/2019 18:00,Atlantic City, NJ,4.9
Mike's Apizza & Restaurant,5/17/2019 18:00,West Haven, CT,7.7
Roseland Apizza,5/16/2019 18:00,Derby, CT,8.6
Ernie's Pizzeria,5/15/2019 18:00,New Haven, CT,7.9
Minervini's Pizzeria & Resta...,5/14/2019 18:00,East Haven, CT,7.1
John & Maria's Pizzeria,5/13/2019 18:00,East Haven, CT,8.5
Sal's Pizzeria,5/10/2019 18:00,Mamaroneck, NY,7.7
Pizzeria La Rosa,5/9/2019 18:00,New Rochelle, NY,7.9
Famous Calabria,5/8/2019 18:00,New York, NY,6.9
Bonnie & Clyde's Pizza Parlo...,5/7/2019 18:00,Louisville, KY,7.4
Spinelli's Pizzeria,5/6/2019 18:00,Louisville, KY,6.8
Butchertown Pizza Hall,5/3/2019 18:00,Louisville, KY,7.2
Strawberry's Pub & Pizza,5/2/2019 18:00,Woodbridge, NJ,7.3
Brooklyn Boys Pizza and Deli,5/1/2019 18:00,Edison, NJ,7.1
Sciortinos's Pizza Pasta & M...,4/30/2019 18:00,Perth Amboy, NJ,6.6
Talladega Superspeedway,4/29/2019 18:00,Talladega, AL,3.8
Mata's Greek Pizza & Grinder...,4/28/2019 12:00,Anniston, AL,3.9
First Class Pizza To Go,4/27/2019 18:00,Lincoln, AL,5.9
Porrino's Pizzeria,4/26/2019 18:00,Little Ferry, NJ,7.6
Pizza Wagon,4/25/2019 18:00,Brooklyn, NY,7.4
Gigino Trattoria,4/24/2019 18:00,New York, NY,7.3
The Longshoreman,4/23/2019 18:00,New York, NY,8.2
Cheska's,4/22/2019 18:00,New York, NY,2.8
Little Caesars Pizza,4/19/2019 18:00,Princeton, WV,4.6
Beebe's,4/18/2019 18:00,Long Island City, NY,6.7
sLICe LIC,4/17/2019 18:00,Long Island City, NY,8.1
Stromboli Pizza,4/16/2019 18:00,New York, NY,3.2
Biga Bite,4/15/2019 18:00,New York, NY,6.9
Hello Pizza,4/12/2019 18:00,Edina, MN,6.2
Artistic Pizza,4/11/2019 18:00,New York, NY,6.8
Broders Cucina Italiana,4/10/2019 18:00,Minneapolis, MN,6.6
Red Wagon Pizza Company,4/9/2019 18:00,Minneapolis, MN,7.5
Surly Brewing,4/8/2019 18:00,Minneapolis, MN,8.3
Pizzeria Lola,4/5/2019 18:00,Minneapolis, MN,6.9
Zuppardi's Apizza,4/4/2019 18:00,West Haven, CT,8.2
W4 Pizza,4/3/2019 18:00,New York, NY,4.8
Big Al's Chicago Style Pizza,4/2/2019 18:00,New York, NY,6.1
Village Square Pizza,4/1/2019 18:00,New York, NY,7.6
Palms Pizza,3/29/2019 18:00,Las Vegas, NV,7.4
Upper Crust Pizzeria,3/27/2019 18:00,Beverly Hills, CA,5.4
Stella Barra Pizzeria & Wine...,3/26/2019 18:00,Santa Monica, CA,5.9
Mulberry Street Pizzeria,3/25/2019 18:00,Beverly Hills, CA,7.5
Meadowlands Racing & Enterta...,3/22/2019 18:00,East Rutherford, NJ,4.2
Fort Lee Pizzeria,3/21/2019 18:00,Fort Lee, NJ,8
Saverio's Authentic Pizza Na...,3/20/2019 18:00,Massapequa, NY,6.8
Mario's Pizzeria Massapequa,3/19/2019 18:00,Massapequa, NY,6.6
Pizza Sam,3/18/2019 18:00,Jackson Heights, NY,8.4
Rosa's Pizza,3/15/2019 18:00,Middle Village, NY,6.7
La Nonna Krispy Krust Pizza,3/14/2019 18:00,Brooklyn, NY,7.4
Paulie Gee's,3/13/2019 19:03,Brooklyn, NY,7.3
Paulie Gee's Slice Shop,3/13/2019 19:00,Brooklyn, NY,7.4
Tony's Pizza,3/12/2019 18:00,Brooklyn, NY,7.9
Carmine's Pizzeria,3/11/2019 18:00,Brooklyn, NY,7.8
Totonno's,3/8/2019 18:00,Brooklyn, NY,8.1
Krispy Pizza,3/7/2019 18:00,Jersey City, NJ,6.2
Good Pie,3/5/2019 19:00,Las Vegas, NV,7.2
King Umberto's of Elmont,3/1/2019 18:00,Elmont, NY,8.1
VEZZO NYCThinCrust Pizza,2/28/2019 18:00,New York, NY,7.7
Starbucks Reserve Roastery,2/27/2019 18:00,New York, NY,6.8
Denino's Pizzeria & Tavern,2/26/2019 18:00,Staten Island, NY,8.1
Brother's Pizzeria,2/25/2019 18:00,Staten Island, NY,7.9
Pizza Town USA,2/22/2019 18:00,Elmwood Park, NJ,7.5
Canal Pizza,2/21/2019 18:00,New York, NY,1.7
Pizza Al Fresco,2/20/2019 18:00,Palm Beach, FL,2.2
Harry's Italian,2/19/2019 18:00,New York, NY,7.7
Chuck E. Cheese,2/18/2019 18:00,West Melbourne, FL,6
Napoli Pizza,2/17/2019 12:00,Daytona Beach, FL,6.6
Pizza Girls WPB,2/14/2019 18:00,West Palm Beach, FL,6.9
Eddie & Sam's NY Pizza,2/13/2019 18:00,Tampa, FL,7.1
La Vera Pizzeria,2/12/2019 18:00,New York, NY,6.7
Salvo's Pizzabar,2/11/2019 18:00,New York, NY,7.8
Johnny's Pizzeria,2/7/2019 18:00,Mount Vernon, NY,9.1
Slice Downtown,2/6/2019 18:00,Atlanta, GA,6.8
Buckhead Pizza,2/5/2019 18:00,Atlanta, GA,7.2
Cosmo's Pizza + Social,2/4/2019 18:00,Lawrenceville, GA,7.1
Piu Bello Buckhead,2/1/2019 18:00,Atlanta, GA,5.9
Marcello's Pizza & Subs,1/31/2019 18:00,Atlanta, GA,7.4
Mellow Mushroom,1/30/2019 18:00,Alpharetta, GA,6.1
Fellini's Pizza,1/29/2019 18:00,Atlanta, GA,7.2
Antico Pizza,1/28/2019 18:00,Atlanta, GA,8.3
Enzo Bruni La Pizza Gourmet,1/24/2019 18:00,New York, NY,7.6
Dani's House of Pizza,1/23/2019 18:00,Kew Gardens, NY,7.4
Woodpecker Pizza Bar & Grill...,1/22/2019 18:00,New York, NY,7.4
Costco,1/21/2019 18:00,Clifton, NJ,1.9
Santillo's Brick Oven Pizza,1/18/2019 18:00,Elizabeth, NJ,8.3
Friendly Gourmet Pizza,1/17/2019 18:00,New York, NY,4.8
Upside Pizza,1/16/2019 18:00,New York, NY,7.4
Santucci's Original Square P...,1/15/2019 18:00,Philadelphia, PA,7.5
Lorenzo & Sons Pizza,1/14/2019 18:00,Philadelphia, PA,6.5
Il Piccolo Bufalo,1/10/2019 18:00,New York, NY,7.4
Made In New York Pizza,1/9/2019 18:00,New York, NY,7.9
Mama Rosa Pizza & Pasta,1/8/2019 18:00,Rutherford, NJ,6.6
Bill's Pizzeria Kitchen + Gr...,1/7/2019 18:00,Hopkinton, MA,6.4
Luna Ristorante,1/4/2019 18:00,New York, NY,5.8
Da Gennaro,1/3/2019 18:00,New York, NY,6.2
Steve's Pizza,1/2/2019 18:00,Miami, FL,6.9
Lucali,12/28/2018 18:00,Miami Beach, FL,8.1
Mister O1 Extraordinary Pizz...,12/26/2018 18:00,Miami Beach, FL,8.9
Riko's Pizza,12/21/2018 18:00,Stamford, CT,8.2
Colony Grill,12/20/2018 18:00,Stamford, CT,8.4
California Pizza Kitchen at ...,12/19/2018 18:00,New York, NY,7.1
Johnny Pepperoni,12/18/2018 18:00,Hoboken, NJ,7.6
Macchina,12/17/2018 18:00,New York, NY,7.6
Brooklyn's Homeslice Pizzeri...,12/14/2018 18:00,Brooklyn, NY,7.4
Da Nonna Rosa,12/13/2018 18:00,Brooklyn, NY,7.5
Marta,12/12/2018 18:00,New York, NY,7.1
Mario's Classic Pizza,12/11/2018 18:00,Hoboken, NJ,7.2
La Rossa,12/10/2018 18:00,New York, NY,4.8
BAR,12/6/2018 18:00,New Haven, CT,7.4
Sally's Apizza,12/5/2018 18:00,New Haven, CT,9.2
Frank Pepe Pizzeria Napoleta...,12/4/2018 18:00,New Haven, CT,8.5
Modern Apizza,12/3/2018 18:00,New Haven, CT,8.8
Tony Boloney's - Hoboken,11/30/2018 18:00,Hoboken, NJ,6.8
Serafina Italian Restaurant ...,11/29/2018 18:00,New York, NY,7.3
Loring Place,11/28/2018 18:00,New York, NY,6.2
GoreMade Pizza,11/27/2018 18:00,Columbus, OH,7.4
Margherita NYC,11/26/2018 17:00,New York, NY,7.4
Eataly Boston,11/23/2018 18:00,Boston, MA,6.7
Palermo's 95th,11/21/2018 18:00,Oak Lawn, IL,6.8
Armand's Pizzeria,11/20/2018 18:00,Elmwood Park, IL,7.1
Geo's Pizza,11/19/2018 18:00,Chicago, IL,7.1
Basile's Pizza,11/15/2018 18:00,Hoboken, NJ,8.1
Bruno Pizza,11/14/2018 18:00,New York, NY,6.8
Dona Bella Pizzeria,11/13/2018 18:00,New York, NY,7.2
Stage Door Pizzeria,11/12/2018 18:00,New York, NY,7.4
Nicoletta Pizzeria,11/9/2018 18:00,New York, NY,8.1
Z Deli Pizzeria,11/8/2018 18:00,New York, NY,3.1
Da Nico Ristorante,11/7/2018 18:00,New York, NY,5.8
Pasquale Jones,11/6/2018 18:00,New York, NY,7.3
Churchill Downs,11/2/2018 18:00,Louisville, KY,0.2
10th Avenue Pizza & Cafe,11/1/2018 18:00,New York, NY,6.9
Jekyll & Hyde,10/31/2018 18:10,New York, NY,1.9
Joe's Pizza,10/30/2018 18:00,New York, NY,8.3
Motorino,10/29/2018 18:00,New York, NY,7.6
Biggie's Pizza - Jacksonvill...,10/26/2018 18:00,Jacksonville Beach, FL,5.1
Amtrak,10/25/2018 18:00,New York, NY,0.1
Felcaro Pizzeria,10/24/2018 18:00,Boston, MA,5.2
Florina Pizzeria & Paninotec...,10/23/2018 18:00,Boston, MA,8.2
Lombardi's Pizza,10/22/2018 18:00,New York, NY,8.1
Lucali,10/19/2018 18:00,Brooklyn, NY,9.3
Famous Ben's Pizza,10/18/2018 18:00,New York, NY,8.1
Sal's Pizzeria,10/17/2018 18:19,Brooklyn, NY,6.7
Neapolitan Express,10/16/2018 18:00,New York, NY,7.2
Pizza House,10/15/2018 18:00,Ann Arbor, MI,6.8
Backroom Pizza,10/12/2018 18:00,Ann Arbor, MI,1.2
Vesta Wood Fired,10/11/2018 18:00,East Rutherford, NJ,7.2
Frankie Boy's Pizza,10/10/2018 18:14,New York, NY,4.8
Pazzo's Pizza Pub,10/9/2018 18:00,Lexington, KY,6.5
PieTana,10/5/2018 18:00,Lexington, KY,6.1
Pies & Pints - Lexington,10/4/2018 18:00,Lexington, KY,7.8
Bravo Pizza,10/3/2018 18:00,New York, NY,4.2
800 Degrees Woodfired Kitche...,10/2/2018 18:00,New York, NY,5.8
1000 Degrees Neapolitan Pizz...,10/1/2018 18:00,Boston, MA,6.8
Pie Pie Pizza,9/28/2018 18:00,New York, NY,7.3
Big Slice of New York Pizza,9/27/2018 18:13,New York, NY,4.1
A Slice of New York,9/25/2018 18:00,New York, NY,4.1
Little Italy Pizza,9/24/2018 18:08,New York, NY,6.3
Mama's Pizzeria,9/21/2018 18:00,New York, NY,6.9
Buchetta Brick Oven Pizza,9/20/2018 18:00,New York, NY,6.7
Broadway Pizza,9/19/2018 18:00,New York, NY,6.2
Cafe Viva,9/18/2018 18:00,New York, NY,1.8
The New Park Tavern,9/17/2018 18:00,East Rutherford, NJ,7.8
Bread & Tulips,9/14/2018 18:00,New York, NY,7.1
Pizza Pete's,9/13/2018 18:55,New York, NY,7.2
Sfila Pizza,9/12/2018 18:09,New York, NY,7.7
Brooklyn Pizza Masters,9/11/2018 18:00,New York, NY,8.5
Kinchley's Tavern,9/10/2018 18:00,Ramsey, NJ,7.5
Pomodoro Ristorante & Pizzer...,9/7/2018 18:00,New York, NY,4.2
Alla Pala,9/6/2018 18:00,New York, NY,7.4
Jiannetto's Pizza Truck,9/5/2018 18:00,STATEN ISLAND, NY,8.1
Georgio's Gourmet Pizza,9/1/2018 17:00,Chicago, IL,1.1
Rico's Pizza,8/31/2018 19:00,Gary, IN,3.2
Emporio,8/30/2018 18:00,New York, NY,7.1
Gato,8/29/2018 18:00,New York, NY,8.3
Roey's,8/28/2018 18:00,New York, NY,7.4
Mama Mia's Restaurant,8/27/2018 18:00,Saratoga Springs, NY,7.4
Caputo's Pizzeria,8/24/2018 18:00,Saratoga Springs, NY,8.1
Marino's Pizza,8/23/2018 18:00,Saratoga Springs, NY,6.1
Deli On Madison,8/21/2018 18:00,New York, NY,6.1
Leonelli Bakery,8/17/2018 12:00,New York, NY,2.1
Freddie & Pepper's,8/16/2018 18:02,New York, NY,8.1
3 Giovani,8/15/2018 18:00,New York, NY,7.7
Joe G Pizza & Restaurant,8/14/2018 18:00,New York, NY,6.9
Bella Napoli,8/13/2018 18:00,New York, NY,6.4
Village Pizza,8/9/2018 17:55,New York, NY,6.9
Not Ray's Pizza,8/8/2018 12:00,Brooklyn, NY,6.6
Pequod's Pizza - Chicago,8/7/2018 12:00,Chicago, IL,7.4
Lou Malnati's Pizzeria,8/6/2018 18:00,Chicago, IL,8.2
Gino's East - Magnificent Mi...,8/3/2018 18:04,Chicago, IL,6.2
Giordano's,8/2/2018 18:00,Chicago, IL,8.4
Naples 45 Ristorante E Pizze...,8/1/2018 18:06,New York, NY,5.1
La Trattoria,8/1/2018 12:00,New York, NY,6.8
Primavera Pizza & Pasta,7/31/2018 18:00,New York, NY,6.7
Rocco's Pizzeria,7/27/2018 16:00,Vineyard Haven, MA,6.9
Slice Of Edgartown,7/26/2018 12:00,Edgartown, MA,3.8
Isola,7/25/2018 18:00,Edgartown, MA,6.1
Chilmark General Store,7/24/2018 18:00,Chilmark, MA,6.6
Giordano's Restaurant,7/23/2018 18:00,Oak Bluffs, MA,6.8
Fusaro's,7/19/2018 18:00,Nantucket, MA,7.4
Baldie's Pizza & Subs,7/18/2018 12:41,Lakeville, MA,6.2
Muse Pizza,7/18/2018 0:00,Nantucket, MA,5.9
Moto Pizza,7/13/2018 12:00,Sandwich, MA,6.2
Joey's Pizzeria,7/11/2018 17:53,Dennis Port, MA,7.3
Sophie T's Pizza,7/9/2018 15:33,Nantucket, MA,7.2
Oath Pizza - New York,7/9/2018 13:47,New York, NY,6.5
PQR,6/28/2018 15:43,New York, NY,6.1
Vinnie's Pizza,6/28/2018 15:37,New York, NY,7.1
Marinara Pizza - Midtown Eas...,6/27/2018 17:25,New York, NY,7.3
The Woodstock,6/27/2018 16:19,New York, NY,7.4
SIMÒ PIZZA,6/26/2018 11:56,New York, NY,6.8
Bocce USQ,6/20/2018 16:42,New York, NY,7.8
Black Square Pizza,6/19/2018 15:10,New York, NY,6.2
Café Crust,6/19/2018 11:35,Southampton, NY,7.2
Francesca's,6/19/2018 11:33,Hampton Bays, NY,6.3
Prova Pizzabar,6/19/2018 11:22,New York, NY,7.4
Pepe Giallo,6/13/2018 15:36,New York, NY,7.7
Don Antonio,6/13/2018 10:26,New York, NY,6.4
Ceci Italian Restaurant,6/12/2018 11:46,New York, NY,6.2
Corner Slice,6/11/2018 15:14,New York, NY,7.2
Mani In Pasta,6/7/2018 14:34,New York, NY,6.9
Il Corallo Trattoria,6/7/2018 13:14,New York, NY,7.1
Zero Otto Nove,6/5/2018 10:34,New York, NY,7.2
BD PIZZA,6/1/2018 11:33,New York, NY,0
La Margarita,5/31/2018 13:18,New York, NY,8
Stanton Street Pizza,5/30/2018 17:00,New York, NY,2.4
Melani Pizzeria,5/29/2018 17:00,New York, NY,6.8
Frank's Trattoria,5/23/2018 15:16,New York, NY,7.8
Little Vincent's Pizza,5/22/2018 14:11,Huntington, NY,6.8
Louie's Pizza,5/18/2018 17:00,Woburn, MA,7.5
Rinas Pizzeria & Cafe,5/16/2018 15:11,Boston, MA,6.7
Galleria Umberto,5/15/2018 18:00,Boston, MA,6.6
Ducali Pizzeria & Bar,5/14/2018 12:00,Boston, MA,7.7
Lions & Tigers & Squares Det...,5/11/2018 14:00,New York, NY,7.1
Famous Amadeus Pizza,5/10/2018 14:00,New York, NY,5.7
Follia,5/8/2018 14:00,New York, NY,7.2
L'industrie Pizzeria,5/7/2018 16:00,Brooklyn, NY,7.9
Zia Maria - Chelsea,5/2/2018 14:00,New York, NY,7.1
Joe & Pat's Pizzeria,5/1/2018 14:00,New York, NY,8.4
Emmett's,4/27/2018 14:00,New York, NY,7.8
The Original Goodfella's Bri...,4/24/2018 14:00,Staten Island, NY,6.8
Lee's Tavern,4/23/2018 14:00,Staten Island, NY,7.9
Pomodoro Pizza,4/19/2018 14:00,New York, NY,4.2
Benny Tudino's Pizzeria,4/18/2018 16:00,Hoboken, NJ,6.8
Napoli's Pizza,4/17/2018 14:00,Hoboken, NJ,7.4
Hawthorne's NY Pizza & Bar,4/13/2018 14:00,Charlotte, NC,6.4
42nd Street Restaurant and P...,4/11/2018 14:00,New York, NY,5.4
Best Pizza,4/10/2018 14:00,Brooklyn, NY,9.1
Pizza Rollio,4/9/2018 14:00,New York, NY,6.6
Ralph's Pizzeria,4/6/2018 14:00,Nutley, NJ,8.9
POSTO NYCThinCrust Pizza,4/5/2018 20:00,New York, NY,6.8
Bricco Ristorante Italiano,4/2/2018 14:00,New York, NY,6.8
Julian's Italian Pizzeria & ...,4/1/2018 14:00,San Antonio, TX,7.9
Big Lou's Pizza,3/31/2018 12:00,San Antonio, TX,4.8
PizzaRita's,3/30/2018 14:00,San Antonio, TX,5.5
Martina Pizzeria,3/29/2018 14:00,New York, NY,7.9
Patzeria Perfect Pizza,3/27/2018 14:00,New York, NY,5
L'Amico NYC,3/26/2018 14:00,New York, NY,7.2
Bonanno's New York Pizzeria ...,3/24/2018 14:00,Las Vegas, NV,3.2
Bonanno's New York Pizzeria ...,3/24/2018 12:00,Las Vegas, NV,3.2
Il Mattone West Village,3/23/2018 14:00,New York, NY,7.9
La Pizza Fresca Ristorante,3/20/2018 14:00,New York, NY,7.1
Massoni,3/19/2018 14:00,New York, NY,6.8
Bravo Pizza,3/18/2018 0:00,New York, NY,8.3
Ovest Pizzoteca by Luzzo's,3/15/2018 14:00,New York, NY,6.9
Full Moon Pizzeria,3/14/2018 14:00,Bronx, NY,6.2
Pugsley Pizza,3/13/2018 14:00,Bronx, NY,7.7
Williamsburg Pizza,3/12/2018 14:00,Brooklyn, NY,8.6
99 Cent Fresh Pizza,3/9/2018 13:00,New York, NY,4.9
Evel Pie,3/7/2018 0:00,Las Vegas, NV,5.9
Nino's 46,3/1/2018 13:00,New York, NY,6.9
La Gusto Pizza,2/26/2018 13:00,New York, NY,3.2
Cheesy Pizza,2/23/2018 13:00,New York, NY,6.1
Sal & Carmine's Pizza,2/22/2018 13:00,New York, NY,7.2
MAMA'S TOO!,2/21/2018 13:00,New York, NY,6.8
Bond 45,2/20/2018 13:00,New York, NY,6.5
Casa D'amici,2/19/2018 13:00,Morgantown, WV,6.5
Pizza Al's,2/16/2018 13:00,Morgantown, WV,6.4
Colasante's Ristorante & Pub,2/15/2018 13:00,Morgantown, WV,6.6
Love & Dough,2/14/2018 13:00,DUMBO, NY,7.5
Patsy's Pizzeria,2/13/2018 13:00,New York, NY,8.6
Louie & Ernie's Pizza,2/12/2018 13:00,Bronx, NY,7.8
Pizza Barn,2/9/2018 13:00,Yonkers, NY,7.2
Mama's Pizza,2/7/2018 13:00,Saint Paul, MN,7.5
Dulono's Sports Bar,2/6/2018 13:00,Minneapolis, MN,6.3
Cheetah Pizza,2/5/2018 13:00,Edina, MN,3.4
Fat Lorenzo's,2/4/2018 13:00,Minneapolis, MN,4.1
Red's Savoy Pizza,2/3/2018 13:00,Minneapolis, MN,7.1
Frank From Philly & Andrea P...,2/2/2018 13:00,Minneapolis, MN,6.3
Young Joni,2/1/2018 13:00,Minneapolis, MN,7.6
Cossetta Alimentari,1/31/2018 13:00,Saint Paul, MN,6.8
Pizza Lucé Downtown,1/30/2018 13:00,Minneapolis, MN,5.3
Football Pizza,1/29/2018 13:00,Minneapolis, MN,6.8
Star Tavern,1/25/2018 13:00,Orange, NJ,7.1
LA Traviata Pizzeria,1/24/2018 13:00,New York, NY,5.4
Percy's Pizza,1/23/2018 13:00,New York, NY,6.1
Pizza Land,1/22/2018 13:00,North Arlington, NJ,7.6
Little Italy Pizza,1/19/2018 13:00,New York, NY,4.2
Re Sette,1/18/2018 13:00,New York, NY,7.1
B & W Deli & Pizzeria,1/17/2018 13:00,New York, NY,6.2
Mediterraneo Restaurant,1/15/2018 13:00,New York, NY,5.8
La Bellezza Pizza,1/12/2018 13:00,New York, NY,7.1
Tre Sorelle,1/11/2018 13:00,New York, NY,6.7
Rubby's Pizzeria,1/10/2018 13:00,New York, NY,1.2
Justino's Pizzeria,1/9/2018 13:00,New York, NY,3.4
Casabianca Pizzeria,1/8/2018 13:00,New York, NY,6.8
Sottosuolo NYC,1/4/2018 13:00,New York, NY,6.3
Mariella Pizza,1/3/2018 13:00,New York, NY,6.9
Bella Blu,1/2/2018 13:00,New York, NY,7.2
John & Tony's,12/20/2017 13:00,New York, NY,6.7
Angelo's Pizza,12/14/2017 13:00,Princeton, WV,5.5
Il Forno Pizza,12/12/2017 13:00,New York, NY,6.3
Scarr's Pizza,12/11/2017 13:00,New York, NY,7.7
Double Zero,12/8/2017 13:00,New York, NY,8.5
Buca di Beppo Italian Restau...,12/6/2017 13:00,New York, NY,1.2
Solo Pizza,12/5/2017 13:00,New York, NY,6.1
Stone Bridge Pizza & Salad,11/30/2017 13:00,New York, NY,7.2
Famous Pizza,11/29/2017 13:00,New York, NY,1.8
Sorbillo Pizzeria,11/28/2017 13:00,New York, NY,7.1
New York Sal's Pizza,11/27/2017 13:00,New York, NY,7.1
Gnocco,11/20/2017 13:00,New York, NY,7.4
5 Boroughs Pizza,11/17/2017 13:00,New York, NY,3.4
Steve's Pizza,11/16/2017 13:00,New York, NY,2.2
Majestic Pizza and Calzones,11/15/2017 13:00,New York, NY,7.1
Serafina Italian Restaurant ...,11/13/2017 13:00,New York, NY,7.8
Joe's Pizza,11/10/2017 13:00,New York, NY,8.5
B Side Pizza & Wine Bar,11/10/2017 13:00,New York, NY,6.3
Bronx Pizza,11/3/2017 14:00,San Diego, CA,8.1
Filippis Pizza Grotto Pacifi...,11/2/2017 14:00,San Diego, CA,6.7
Vito's Pizza,11/1/2017 14:00,Santa Monica, CA,8.2
Joe's Pizza,10/31/2017 12:00,Santa Monica, CA,8.3
Francesco's Pizza,10/27/2017 14:00,New York, NY,8.1
Cafe 28,10/26/2017 14:00,New York, NY,2.1
Daniela Trattoria,10/25/2017 14:00,New York, NY,3.6
Italian Village Pizzeria,10/24/2017 14:00,New York, NY,7.7
Barilla Restaurants,10/23/2017 14:00,New York, NY,6.2
La Mia Pizza,10/20/2017 14:00,New York, NY,6.7
Brier Hill Pizza & Wings,10/19/2017 14:00,Youngstown, OH,7
Avalon Downtown Pizzeria,10/18/2017 14:00,Youngstown, OH,7.1
Bruno Bros Pizza,10/17/2017 14:00,Austintown, OH,6.4
Belleria Pizzeria,10/16/2017 12:00,Youngstown, OH,6.8
Wedgewood Fernando's Pizza -...,10/14/2017 14:00,Youngstown, OH,7.2
Adoro Lei,10/12/2017 14:00,New York, NY,7.8
Covina,10/11/2017 14:00,New York, NY,5.6
Umberto's Pizzeria & Restaur...,10/9/2017 14:00,New Hyde Park, NY,8.6
Cottage Inn Pizza,10/7/2017 12:00,Ann Arbor, MI,3.1
New York Pizza Depot,10/6/2017 12:00,Ann Arbor, MI,5.4
Buddy's Pizza - Dearborn,10/5/2017 16:00,Dearborn, MI,7.6
&pizza - NoMad,10/3/2017 14:00,New York, NY,6.3
&pizza - Astor Place,10/3/2017 12:00,New York, NY,6.3
Company,10/2/2017 14:00,New York, NY,7.2
Benny Marzano's,9/30/2017 14:00,Blacksburg, VA,7.1
Bazbeaux Pizza,9/28/2017 14:00,Indianapolis, IN,5.1
Goodfellas Pizzeria - Mass A...,9/27/2017 14:00,Indianapolis, IN,8.1
Napolese Pizzeria,9/26/2017 14:00,Indianapolis, IN,4.1
Empire Slice House - Plaza,9/25/2017 14:00,Oklahoma City, OK,7.5
Wig & Pen Pizza Pub,9/24/2017 14:00,Iowa City, IA,7.1
Casey's,9/23/2017 14:00,Coralville, IA,5.2
Nick's Pizza,9/22/2017 14:00,New York, NY,6.6
Girello,9/20/2017 14:00,New York, NY,6.9
Fenway Park,9/19/2017 14:00,Boston, MA,2.4
The Original Impellizeri's P...,9/18/2017 14:00,Louisville, KY,5.8
Bearno's By the Bridge,9/16/2017 14:00,Louisville, KY,6.4
The Post,9/15/2017 14:00,Louisville, KY,0.2
Vapiano,9/14/2017 14:00,New York, NY,5.2
Rock Pizza Scissors,9/13/2017 14:00,New York, NY,7.9
Sicilia Fine Italian Special...,9/12/2017 14:00,Columbus, OH,6.9
Adriatico's New York Style P...,9/11/2017 14:00,Columbus, OH,5.4
The O Patio & Pub,9/9/2017 14:00,Columbus, OH,6.4
Leone's Pizza,9/8/2017 14:00,Columbus, OH,7.8
Regina Pizza,9/7/2017 14:00,Boston, MA,9.1
Industry Kitchen,9/6/2017 14:00,New York, NY,0
Va Bene,9/5/2017 14:00,New York, NY,6.4
Ciao Vineria con Cucina,8/31/2017 14:00,New York, NY,7.7
Sal's Little Italy,8/30/2017 14:00,New York, NY,8.1
Encore Beach Club,8/29/2017 14:00,Las Vegas, NV,1.4
Pizza Rock,8/28/2017 19:00,Las Vegas, NV,7.3
Naked City Pizza Shop,8/25/2017 17:00,Las Vegas, NV,5.6
Moneyline Pizza & Bar,8/24/2017 0:00,Las Vegas, NV,6.2
Lil Frankie's,8/21/2017 14:00,New York, NY,8.5
Oath Pizza - Nantucket,8/17/2017 14:00,Nantucket, MA,9.3
Speedy Romeo,8/11/2017 14:00,New York, NY,8.3
Tavola,8/10/2017 14:00,New York, NY,6.3
Sacco Pizza,8/9/2017 14:00,New York, NY,8.1
New Park Pizza,8/8/2017 14:00,Howard Beach, NY,7.8
Pies on Wheels,8/7/2017 12:00,Saratoga Springs, NY,6.5
Nove Italian Restaurant,8/4/2017 12:00,Gansevoort, NY,8.6
Song E Napule,8/1/2017 14:00,New York, NY,7.7
La Vera Pizzeria & Restauran...,7/31/2017 14:00,New York, NY,6.2
Manhattan Brick Oven Pizza,7/27/2017 14:00,New York, NY,7.9
Ben's Pizzeria,7/26/2017 14:00,New York, NY,5.4
Emily - West Village,7/25/2017 14:00,New York, NY,7.2
Numero 28 Pizzeria - West Vi...,7/24/2017 14:00,New York, NY,8.2
310 Bowery Bar,7/20/2017 14:00,New York, NY,8.1
Rubirosa,7/18/2017 14:00,New York, NY,8.1
Alphonso's Pizzeria & Tratto...,7/17/2017 14:00,New York, NY,6.2
Rizzo's Fine Pizza,7/13/2017 14:00,New York, NY,8.6
WILD,7/12/2017 14:00,New York, NY,4.1
Norma,7/11/2017 14:00,New York, NY,7.8
Rossetti's Pizza,7/10/2017 14:00,New York, NY,6.2
Big Nick's Burger & Pizza Jo...,7/7/2017 14:00,New York, NY,4.2
Cafe Fiorello,7/6/2017 14:00,New York, NY,7.2
Angelo Bellini,6/28/2017 14:00,New York, NY,5.7
Merilu Pizza Al Metro,6/27/2017 14:00,New York, NY,8.2
Black Sheep Pizza - Minneapo...,6/26/2017 14:00,Minneapolis, MN,8.3
F & M Slice Pizza,6/23/2017 14:00,New York, NY,0.2
Yankee Pizza,6/22/2017 14:00,New York City, NY,4.8
Farinella Bakery Pizza,6/21/2017 14:00,New York, NY,6.2
Capizzi,6/20/2017 14:00,New York, NY,7.1
Patsy's Pizzeria,6/19/2017 14:00,New York, NY,8.6
Pasta Lovers Trattoria,6/16/2017 14:00,New York, NY,4.8
Radio City Pizza,6/15/2017 14:00,New York, NY,6.1
Saluggi's,6/14/2017 14:00,New York, NY,8.2
Picciotto NYC,6/13/2017 14:00,New York, NY,8.4
Borrelli's,6/12/2017 14:00,East Meadow, NY,7.9
Saba's Pizza Upper East,6/9/2017 14:00,New York, NY,8.4
Carve,6/8/2017 14:00,New York, NY,4.1
Kesté Pizza & Vino,6/7/2017 14:00,New York, NY,6.4
Claudio Pizzeria,6/6/2017 14:00,New York, NY,6.4
Nizza,6/5/2017 14:00,New York, NY,6.8
Olio e Più,6/2/2017 14:00,New York, NY,5.2
Regina Pizzeria,6/1/2017 14:00,Mashantucket, CT,6.4
Pecorino,5/31/2017 14:00,New York, NY,7.4
Fiore's Pizza,5/30/2017 14:00,New York, NY,7
Intrepid Summer Movie Series,5/26/2017 14:00,New York, NY,2.7
Muzzarella Pizza,5/25/2017 14:00,New York, NY,6.6
Arturo's,5/24/2017 14:00,New York, NY,7.9
Picasso Pizza,5/23/2017 14:00,New York, NY,4.2
Baker's Pizza,5/22/2017 14:00,New York, NY,7.3
Sutton Pizzeria,5/17/2017 14:00,New York, NY,6.3
Halftime Pizza,5/17/2017 12:00,Boston, MA,9.2
John's of Times Square,5/16/2017 14:00,New York, NY,8.4
Pizza Park,5/15/2017 14:00,New York, NY,4
Cafe Daniello's,5/12/2017 14:00,New York, NY,8.1
Kiss My Slice Pizza,5/11/2017 14:00,New York, NY,7.1
Sofia Pizza Shoppe,5/9/2017 14:00,New York, NY,7.9
IPizzaNY,5/4/2017 14:00,New York, NY,2.1
Uncle Mario's Brick Oven Piz...,5/3/2017 14:00,New York, NY,7.1
Pranzo Pizza & Pasta,5/2/2017 14:00,New York, NY,5.9
The Grotto Pizzeria & Ristor...,5/1/2017 14:00,New York, NY,3.3
Neapolitan Express,4/28/2017 14:00,New York, NY,8.1
Phil's Pizza,4/27/2017 14:00,New York, NY,7.7
Snacks,4/26/2017 15:00,Las Vegas, NV,5
Georgio Pizzeria,4/26/2017 14:00,New York, NY,6.4
Da Vinci Pizza,4/25/2017 14:00,New York, NY,2.5
Pizza Gaga,4/24/2017 14:00,New York, NY,0.9
Adrienne's Pizzabar,4/21/2017 14:00,New York, NY,4.8
Open Market,4/20/2017 14:00,New York, NY,0.1
Santarpio's Pizza,4/19/2017 14:00,Boston, MA,8.2
Cucina Bene,4/18/2017 14:00,New York, NY,7.1
Underground Pizza,4/17/2017 14:00,New York, NY,5.9
Justino's Pizzeria,4/14/2017 14:00,New York, NY,7.4
Highline Pizzeria,4/12/2017 14:00,New York, NY,1.7
Luigi's Gourmet Grill,4/11/2017 16:00,New York, NY,8.1
Mariella Pizza,4/10/2017 14:00,New York, NY,3.7
Pizza Hut,4/8/2017 14:00,Augusta, GA,0
Pizza Joint,4/5/2017 14:00,Augusta, GA,6.6
Rose's Pizza,4/3/2017 14:00,New York, NY,8.1
Coppola's East,3/31/2017 14:00,New York, NY,4.2
Patrizia's Pizza and Pasta,3/29/2017 14:00,New York, NY,7.9
XS Nightclub,3/27/2017 14:00,Las Vegas, NV,7.8
Secret Pizza,3/23/2017 14:00,Las Vegas, NV,3.4
Slice,3/21/2017 14:00,New York, NY,6.2
Previti Pizza,3/20/2017 14:00,New York, NY,4.9
Aperitivo Pizza Bar,3/17/2017 14:00,New York, NY,6.8
Don Giovanni Ristorante,3/15/2017 14:00,New York, NY,4.6
Champion Pizza,3/14/2017 14:00,New York, NY,8.1
Pisa Pizza,3/13/2017 14:00,New York, NY,8.1
Brunetti Pizza - West Villag...,3/9/2017 13:00,New York, NY,8.2
Grimaldi's Pizzeria,3/8/2017 13:00,Brooklyn, NY,8
Pizza Mercato,3/7/2017 13:00,New York, NY,2.1
Juliana's,3/6/2017 13:00,Brooklyn, NY,6.9
Fox's Pizza Den,3/3/2017 13:00,Charleston, WV,1.2
Ignazio's,3/2/2017 13:00,Brooklyn, NY,8.7
L & B Spumoni Gardens,3/1/2017 13:00,Brooklyn, NY,7.4
Di Fara Pizza,2/28/2017 13:00,Brooklyn, NY,9.4
Belmora Pizza & Restaurant,2/27/2017 13:00,New York, NY,6.4
Certe,2/23/2017 13:00,New York, NY,6.6
My Pie Pizzeria Romana,2/22/2017 13:00,New York, NY,4.3
Pizza Da Solo,2/15/2017 13:00,New York, NY,7.8
Teresa's Brick Oven Pizza & ...,2/14/2017 13:00,New York, NY,7.3
Royal Pizza,2/13/2017 13:00,New York, NY,7.5
Harry's Italian Pizza Bar,2/9/2017 13:00,New York, NY,7.3
Kiss My Slice,2/8/2017 13:00,New York, NY,6.3
Sparky's Pizzeria and Grill,1/27/2017 13:00,Jackson, TN,7.2
D Napoli Pizza,1/26/2017 13:00,New York, NY,5.2
Cassiano's,1/24/2017 13:00,New York, NY,6.6
Uncle Paul's Pizza,1/23/2017 13:00,New York, NY,5.1
Gotham Pizza,1/20/2017 13:00,New York, NY,6.9
Luigi's Pizza,1/19/2017 13:00,New York, NY,8.4
Giuseppe's Pizza,1/18/2017 13:00,New York, NY,6.2
Pazza Notte,1/17/2017 13:00,New York, NY,4.8
Angelo's Coal Oven Pizzeria,1/16/2017 13:00,New York, NY,9.3
Bella Vita Pizzeria,1/13/2017 13:00,New York, NY,5.8
PizzArte,1/12/2017 13:00,New York, NY,8.1
Pizzeria Trentatre,1/11/2017 13:00,New York, NY,6.4
Little Gio's Pizza,1/10/2017 13:00,New York, NY,5.9
Rosario's Pizza,1/9/2017 13:00,New York, NY,5.1
Proto's Pizza NYC,1/6/2017 13:00,New York, NY,7.2
Pizza Italia,1/5/2017 13:00,New York, NY,4.2
Joe's Pizza,1/4/2017 12:00,New York, NY,7.8
Café Muse,1/3/2017 13:00,New York, NY,0
Mike's Pizza,12/22/2016 13:00,New York, NY,7.7
Prince Street Pizza,12/21/2016 13:00,New York, NY,8.6
Nick's Pizza Bar,12/20/2016 13:00,New York, NY,6.9
La Bellezza,12/19/2016 13:00,New York, NY,7.8
Denino's Greenwich Village,12/16/2016 13:00,New York, NY,9
Rocky's Number II,12/15/2016 13:00,New York, NY,2.8
Garlic New York Pizza Bar,12/14/2016 13:00,New York, NY,6.8
Pronto Pizza,12/13/2016 13:00,New York, NY,4.2
Artichoke Basille's Pizza,12/12/2016 13:00,New York, NY,7.9
Gaslight Pizzeria,12/9/2016 13:00,New York, NY,4.9
Stella's Pizza,12/8/2016 13:00,New York, NY,6.2
Filaga Pizzeria,12/7/2016 13:00,New York, NY,7.4
Abitino's Pizzeria,12/6/2016 13:00,New York, NY,5.8
Lombardi's Pizza,12/5/2016 13:00,New York, NY,6.2
Famous Original Ray's Pizza,12/1/2016 13:00,New York, NY,6.2
Cavallo's Pizzeria,11/30/2016 13:00,New York, NY,7.4
Obicà Mozzarella Bar Pizza e...,11/29/2016 13:00,New York, NY,6.8
Lunetta Pizza & Restaurant,11/28/2016 13:00,New York, NY,8.1
Florian,11/28/2016 13:00,New York, NY,7.4
99 Best & Fresh Pizza,11/18/2016 13:00,New York, NY,4.8
Dirty Water Dough,11/17/2016 13:00,Boston, MA,7.1
Ribalta Pizza,11/16/2016 13:00,New York, NY,3.2
Pie By The Pound,11/15/2016 13:00,New York, NY,7.6
Blaze Pizza,11/14/2016 13:00,Los Angeles, CA,0
Ciro's Pizzeria & Beerhouse,11/11/2016 13:00,San Diego, CA,7.4
John's of Bleecker Street,11/9/2016 13:00,New York, NY,9.3
Brick Oven Pizza 33,11/8/2016 13:00,New York, NY,8.2
Libretto's Pizzeria,11/8/2016 13:00,New York, NY,3.9
Manhattan Pizzeria,11/7/2016 13:00,Manhattan Beach, CA,5.4
Vinny Vincenz,11/6/2016 13:00,New York, NY,8.4
Iggy's Pizzeria,11/6/2016 13:00,New York, NY,6.2
East Village Pizza,11/6/2016 13:00,New York, NY,8
Bleecker Street Pizza,11/4/2016 14:00,New York, NY,6.9
Two Boots West Village,11/3/2016 14:00,New York, NY,6.6
Rivoli Pizza,11/3/2016 14:00,New York, NY,7.8
Rocky's Pizza 14th St,11/2/2016 13:10,New York, NY,1.4
Grimaldi's,10/31/2016 14:00,New York, NY,7.9
J's Pizza,10/28/2016 14:00,New York, NY,6.8
Pick & Pay Gyro & Pizza,10/27/2016 14:00,New York, NY,1.2
Dough Boys,10/26/2016 14:00,New York, NY,4.8
Pastafina Pizza,10/25/2016 14:00,New York, NY,7.9
Rosa's Pizza,10/24/2016 14:00,New York, NY,4.8
Otto Enoteca Pizzeria,10/24/2016 12:00,New York, NY,5.4
DJ Pizza,10/20/2016 14:00,New York, NY,6.8
Famous Famiglia Pizzeria,10/19/2016 14:00,New York, NY,7.4
Lazzara's Pizza,10/14/2016 14:00,New York, NY,9.3
Pizza Paradise,10/12/2016 14:00,New York, NY,7.8
Frank's Pizza,10/11/2016 14:00,New York, NY,3.8
Catfish Biff's Pizza & Subs,10/10/2016 14:00,Columbus, OH,1.2
Dante's Inferno,10/10/2016 14:00,Cleveland, OH,0
PN Wood Fired Pizza,10/5/2016 14:00,New York, NY,6.8
Rocco's Pizza,10/4/2016 14:00,New York, NY,8.2
La Pizza & La Pasta at Eatal...,10/3/2016 14:00,New York, NY,8
Roberta's,9/27/2016 14:00,Brooklyn, NY,8
Don Pepi Pizza,9/26/2016 14:00,New York, NY,3.9
TAPPO NYCThinCrust Pizza,9/19/2016 14:00,New York, NY,7.3
Cafe Rustico II,9/16/2016 14:00,New York, NY,6.2
Chelsea Pizza 23,9/15/2016 14:00,New York, NY,5.9
Bella Napoli,9/13/2016 12:00,New York, NY,8.5
Waldy's Wood Fired Pizza & P...,9/12/2016 14:00,New York, NY,7.8
Empire Pizza,9/8/2016 14:00,New York, NY,7.2
2 Bros Pizza,9/7/2016 14:00,New York, NY,5.9
Broadway Pizza,9/6/2016 14:00,New York, NY,6.4
Pi Pizzeria,7/18/2016 14:00,Nantucket, MA,8.6
NY Pizza Suprema,6/4/2016 15:16,New York, NY,8.2
Home Slice Pizza,3/26/2016 0:00,Austin, TX,5.8
Acquolina,2/4/2016 12:00,San Francisco, CA,7.8
Frank Pepe Pizzeria Napoleta...,12/22/2015 12:00,Chestnut Hill, MA,9.4
Imperial Pizza,9/21/2015 12:00,Buffalo, NY,6.8
Monte's Restaurant,8/21/2015 12:00,Lynn, MA,10
Poopsie's,4/21/2014 12:00,Pembroke, MA,7.6
Pope's Italian Restaurant,9/5/2013 12:00,Saratoga Springs, NY,8.2
Steamboat Wharf Pizza,7/15/2013 12:07,Nantucket, MA,8
Rosie's Pizzeria,6/12/2013 12:00,Braintree, MA,9.2
Pushcart Pizzeria,6/4/2013 12:00,Boston, MA,5.8
Ernesto's,4/17/2013 17:00,Boston, MA,8.3
Bianchi's Pizza,4/9/2013 12:00,Revere, MA,8.2
Tony's Place,4/3/2013 12:00,West Roxbury, MA,8.5
Cape Cod Cafe,4/2/2013 12:00,Brockton, MA,8.5
Lynwood Cafe,3/14/2013 14:00,Randolph, MA,8
Town Spa Pizza,3/13/2013 12:00,Stoughton, MA,9
